Using pre-set license
Built from '6000.0/staging' branch; Version is '6000.0.31f1 (a206c360e2a8) revision 10618563'; Using compiler version '193933523'; Build Type 'Release'
OS: 'Windows 11  (10.0.26100) 64bit CoreSingleLanguage' Language: 'en' Physical Memory: 7599 MB
BatchMode: 1, IsHumanControllingUs: 0, StartBugReporterOnCrash: 0, Is64bit: 1, IsPro: 1

COMMAND LINE ARGUMENTS:
C:\Program Files\Unity\Hub\Editor\6000.0.31f1\Editor\Unity.exe
-adb2
-batchMode
-noUpm
-name
AssetImportWorker1
-projectPath
C:/Users/nishk/Documents/Cudding/Starknet-Hackathon
-logFile
Logs/AssetImportWorker1.log
-srvPort
51285
-job-worker-count
7
-background-job-worker-count
8
-gc-helper-count
1
Successfully changed project path to: C:/Users/nishk/Documents/Cudding/Starknet-Hackathon
C:/Users/nishk/Documents/Cudding/Starknet-Hackathon
[UnityMemory] Configuration Parameters - Can be set up in boot.config
    "memorysetup-bucket-allocator-granularity=16"
    "memorysetup-bucket-allocator-bucket-count=8"
    "memorysetup-bucket-allocator-block-size=33554432"
    "memorysetup-bucket-allocator-block-count=8"
    "memorysetup-main-allocator-block-size=16777216"
    "memorysetup-thread-allocator-block-size=16777216"
    "memorysetup-gfx-main-allocator-block-size=16777216"
    "memorysetup-gfx-thread-allocator-block-size=16777216"
    "memorysetup-cache-allocator-block-size=4194304"
    "memorysetup-typetree-allocator-block-size=2097152"
    "memorysetup-profiler-bucket-allocator-granularity=16"
    "memorysetup-profiler-bucket-allocator-bucket-count=8"
    "memorysetup-profiler-bucket-allocator-block-size=33554432"
    "memorysetup-profiler-bucket-allocator-block-count=8"
    "memorysetup-profiler-allocator-block-size=16777216"
    "memorysetup-profiler-editor-allocator-block-size=1048576"
    "memorysetup-temp-allocator-size-main=16777216"
    "memorysetup-job-temp-allocator-block-size=2097152"
    "memorysetup-job-temp-allocator-block-size-background=1048576"
    "memorysetup-job-temp-allocator-reduction-small-platforms=262144"
    "memorysetup-allocator-temp-initial-block-size-main=262144"
    "memorysetup-allocator-temp-initial-block-size-worker=262144"
    "memorysetup-temp-allocator-size-background-worker=32768"
    "memorysetup-temp-allocator-size-job-worker=262144"
    "memorysetup-temp-allocator-size-preload-manager=33554432"
    "memorysetup-temp-allocator-size-nav-mesh-worker=65536"
    "memorysetup-temp-allocator-size-audio-worker=65536"
    "memorysetup-temp-allocator-size-cloud-worker=32768"
    "memorysetup-temp-allocator-size-gi-baking-worker=262144"
    "memorysetup-temp-allocator-size-gi-baking-worker=262144"
    "memorysetup-temp-allocator-size-gi-baking-worker=262144"
    "memorysetup-temp-allocator-size-gi-baking-worker=262144"
    "memorysetup-temp-allocator-size-gi-baking-worker=262144"
    "memorysetup-temp-allocator-size-gfx=262144"
Player connection [5868]  Target information:

Player connection [5868]  * "[IP] 10.81.80.138 [Port] 0 [Flags] 2 [Guid] 4040655414 [EditorId] 4040655414 [Version] 1048832 [Id] WindowsEditor(7,LAPTOP-9JD3SD1K) [Debug] 1 [PackageName] WindowsEditor [ProjectName] Editor" 

Player connection [5868] Host joined multi-casting on [225.0.0.222:54997]...
Player connection [5868] Host joined alternative multi-casting on [225.0.0.222:34997]...
JobSystem: Creating JobQueue using job-worker-count value 7
[Physics::Module] Initialized fallback backend.
[Physics::Module] Id: 0xdecafbad
Library Redirect Path: Library/
[Physics::Module] Selected backend.
[Physics::Module] Name: PhysX
[Physics::Module] Id: 0xf2b8ea05
[Physics::Module] SDK Version: 4.1.2
[Physics::Module] Integration Version: 1.0.0
[Physics::Module] Threading Mode: Multi-Threaded
Refreshing native plugins compatible for Editor in 14.50 ms, found 4 plugins.
Preloading 0 native plugins for Editor in 0.00 ms.
Initialize engine version: 6000.0.31f1 (a206c360e2a8)
[Subsystems] Discovering subsystems at path C:/Program Files/Unity/Hub/Editor/6000.0.31f1/Editor/Data/Resources/UnitySubsystems
[Subsystems] Discovering subsystems at path C:/Users/nishk/Documents/Cudding/Starknet-Hackathon/Assets
GfxDevice: creating device client; kGfxThreadingModeNonThreaded
Direct3D:
    Version:  Direct3D 11.0 [level 11.1]
    Renderer: NVIDIA GeForce GTX 1650 (ID=0x1f9d)
    Vendor:   NVIDIA
    VRAM:     3937 MB
    Driver:   32.0.15.6607
Initialize mono
Mono path[0] = 'C:/Program Files/Unity/Hub/Editor/6000.0.31f1/Editor/Data/Managed'
Mono path[1] = 'C:/Program Files/Unity/Hub/Editor/6000.0.31f1/Editor/Data/MonoBleedingEdge/lib/mono/unityjit-win32'
Mono config path = 'C:/Program Files/Unity/Hub/Editor/6000.0.31f1/Editor/Data/MonoBleedingEdge/etc'
Using monoOptions --debugger-agent=transport=dt_socket,embedding=1,server=y,suspend=n,address=127.0.0.1:56488
Begin MonoManager ReloadAssembly
Registering precompiled unity dll's ...
Register platform support module: C:/Program Files/Unity/Hub/Editor/6000.0.31f1/Editor/Data/PlaybackEngines/WebGLSupport/UnityEditor.WebGL.Extensions.dll
Register platform support module: C:/Program Files/Unity/Hub/Editor/6000.0.31f1/Editor/Data/PlaybackEngines/WindowsStandaloneSupport/UnityEditor.WindowsStandalone.Extensions.dll
Registered in 0.005973 seconds.
- Loaded All Assemblies, in  1.696 seconds
Native extension for WindowsStandalone target not found
Native extension for WebGL target not found
Mono: successfully reloaded assembly
- Finished resetting the current domain, in  0.797 seconds
Domain Reload Profiling: 2489ms
	BeginReloadAssembly (593ms)
		ExecutionOrderSort (0ms)
		DisableScriptedObjects (0ms)
		BackupInstance (0ms)
		ReleaseScriptingObjects (0ms)
		CreateAndSetChildDomain (3ms)
	RebuildCommonClasses (75ms)
	RebuildNativeTypeToScriptingClass (25ms)
	initialDomainReloadingComplete (136ms)
	LoadAllAssembliesAndSetupDomain (860ms)
		LoadAssemblies (577ms)
		RebuildTransferFunctionScriptingTraits (0ms)
		AnalyzeDomain (854ms)
			TypeCache.Refresh (850ms)
				TypeCache.ScanAssembly (815ms)
			BuildScriptInfoCaches (0ms)
			ResolveRequiredComponents (1ms)
	FinalizeReload (798ms)
		ReleaseScriptCaches (0ms)
		RebuildScriptCaches (0ms)
		SetupLoadedEditorAssemblies (712ms)
			LogAssemblyErrors (0ms)
			InitializePlatformSupportModulesInManaged (51ms)
			SetLoadedEditorAssemblies (11ms)
			BeforeProcessingInitializeOnLoad (133ms)
			ProcessInitializeOnLoadAttributes (404ms)
			ProcessInitializeOnLoadMethodAttributes (114ms)
			AfterProcessingInitializeOnLoad (0ms)
			EditorAssembliesLoaded (0ms)
		ExecutionOrderSort2 (0ms)
		AwakeInstancesAfterBackupRestoration (0ms)
========================================================================
Worker process is ready to serve import requests
Import Worker Mode flag is 0x00
Begin MonoManager ReloadAssembly
- Loaded All Assemblies, in  3.594 seconds
Refreshing native plugins compatible for Editor in 6.52 ms, found 4 plugins.
Native extension for WindowsStandalone target not found
Native extension for WebGL target not found
Mono: successfully reloaded assembly
- Finished resetting the current domain, in  1.783 seconds
Domain Reload Profiling: 5367ms
	BeginReloadAssembly (439ms)
		ExecutionOrderSort (0ms)
		DisableScriptedObjects (13ms)
		BackupInstance (0ms)
		ReleaseScriptingObjects (0ms)
		CreateAndSetChildDomain (71ms)
	RebuildCommonClasses (102ms)
	RebuildNativeTypeToScriptingClass (23ms)
	initialDomainReloadingComplete (87ms)
	LoadAllAssembliesAndSetupDomain (2932ms)
		LoadAssemblies (2675ms)
		RebuildTransferFunctionScriptingTraits (0ms)
		AnalyzeDomain (535ms)
			TypeCache.Refresh (360ms)
				TypeCache.ScanAssembly (322ms)
			BuildScriptInfoCaches (142ms)
			ResolveRequiredComponents (23ms)
	FinalizeReload (1783ms)
		ReleaseScriptCaches (0ms)
		RebuildScriptCaches (0ms)
		SetupLoadedEditorAssemblies (1474ms)
			LogAssemblyErrors (0ms)
			InitializePlatformSupportModulesInManaged (7ms)
			SetLoadedEditorAssemblies (7ms)
			BeforeProcessingInitializeOnLoad (213ms)
			ProcessInitializeOnLoadAttributes (976ms)
			ProcessInitializeOnLoadMethodAttributes (257ms)
			AfterProcessingInitializeOnLoad (13ms)
			EditorAssembliesLoaded (0ms)
		ExecutionOrderSort2 (0ms)
		AwakeInstancesAfterBackupRestoration (9ms)
Launched and connected shader compiler UnityShaderCompiler.exe after 0.02 seconds
Refreshing native plugins compatible for Editor in 12.46 ms, found 4 plugins.
Preloading 0 native plugins for Editor in 0.00 ms.
Unloading 219 Unused Serialized files (Serialized files now loaded: 0)
Unloading 6597 unused Assets / (4.8 MB). Loaded Objects now: 7289.
Memory consumption went from 181.4 MB to 176.6 MB.
Total: 37.573000 ms (FindLiveObjects: 2.412700 ms CreateObjectMapping: 4.361100 ms MarkObjects: 19.150400 ms  DeleteObjects: 11.631900 ms)

========================================================================
Received Import Request.
  Time since last request: 5271.571468 seconds.
  path: Assets/New Universal Render Pipeline Asset_Renderer.asset
  artifactKey: Guid(53f3993fc7757ab409e005ec21bb8ba7) Importer(815301076,1909f56bfc062723c751e8b465ee728b)
Start importing Assets/New Universal Render Pipeline Asset_Renderer.asset using Guid(53f3993fc7757ab409e005ec21bb8ba7) Importer(815301076,1909f56bfc062723c751e8b465ee728b) (PreviewImporter) -> (artifact id: 'da7a2a91f8289881cdf69484bbb31706') in 0.0826281 seconds
Number of updated asset objects reloaded before import = 0Number of asset objects unloaded after import = 0

========================================================================
Received Import Request.
  Time since last request: 0.000038 seconds.
  path: Assets/New Material 1.mat
  artifactKey: Guid(76a155c9b6dcc0f47a997cc1514917d1) Importer(815301076,1909f56bfc062723c751e8b465ee728b)
Start importing Assets/New Material 1.mat using Guid(76a155c9b6dcc0f47a997cc1514917d1) Importer(815301076,1909f56bfc062723c751e8b465ee728b) (PreviewImporter) -> (artifact id: '17e875471df0bb75c591b07271d2514b') in 0.9936699 seconds
Number of updated asset objects reloaded before import = 0Number of asset objects unloaded after import = 2

========================================================================
Received Prepare
Begin MonoManager ReloadAssembly
- Loaded All Assemblies, in  4.706 seconds
Refreshing native plugins compatible for Editor in 5.97 ms, found 4 plugins.
Native extension for WindowsStandalone target not found
Native extension for WebGL target not found
Mono: successfully reloaded assembly
- Finished resetting the current domain, in  1.474 seconds
Domain Reload Profiling: 6242ms
	BeginReloadAssembly (2329ms)
		ExecutionOrderSort (2ms)
		DisableScriptedObjects (518ms)
		BackupInstance (0ms)
		ReleaseScriptingObjects (3ms)
		CreateAndSetChildDomain (808ms)
	RebuildCommonClasses (106ms)
	RebuildNativeTypeToScriptingClass (28ms)
	initialDomainReloadingComplete (80ms)
	LoadAllAssembliesAndSetupDomain (2224ms)
		LoadAssemblies (1877ms)
		RebuildTransferFunctionScriptingTraits (0ms)
		AnalyzeDomain (908ms)
			TypeCache.Refresh (71ms)
				TypeCache.ScanAssembly (0ms)
			BuildScriptInfoCaches (693ms)
			ResolveRequiredComponents (48ms)
	FinalizeReload (1475ms)
		ReleaseScriptCaches (0ms)
		RebuildScriptCaches (0ms)
		SetupLoadedEditorAssemblies (1081ms)
			LogAssemblyErrors (0ms)
			InitializePlatformSupportModulesInManaged (9ms)
			SetLoadedEditorAssemblies (19ms)
			BeforeProcessingInitializeOnLoad (209ms)
			ProcessInitializeOnLoadAttributes (742ms)
			ProcessInitializeOnLoadMethodAttributes (92ms)
			AfterProcessingInitializeOnLoad (9ms)
			EditorAssembliesLoaded (1ms)
		ExecutionOrderSort2 (0ms)
		AwakeInstancesAfterBackupRestoration (17ms)
Refreshing native plugins compatible for Editor in 4.11 ms, found 4 plugins.
Preloading 0 native plugins for Editor in 0.00 ms.
Unloading 14 Unused Serialized files (Serialized files now loaded: 0)
Unloading 6595 unused Assets / (4.3 MB). Loaded Objects now: 7360.
Memory consumption went from 156.9 MB to 152.6 MB.
Total: 15.113700 ms (FindLiveObjects: 1.139200 ms CreateObjectMapping: 1.136800 ms MarkObjects: 9.342700 ms  DeleteObjects: 3.492500 ms)

Prepare: number of updated asset objects reloaded= 0
========================================================================
Received Prepare
Refreshing native plugins compatible for Editor in 4.10 ms, found 4 plugins.
Preloading 0 native plugins for Editor in 0.00 ms.
Unloading 13 Unused Serialized files (Serialized files now loaded: 0)
Unloading 6585 unused Assets / (4.8 MB). Loaded Objects now: 7361.
Memory consumption went from 156.7 MB to 151.9 MB.
Total: 17.638100 ms (FindLiveObjects: 1.303800 ms CreateObjectMapping: 1.461000 ms MarkObjects: 9.895000 ms  DeleteObjects: 4.976100 ms)

Prepare: number of updated asset objects reloaded= 0
========================================================================
Received Prepare
Begin MonoManager ReloadAssembly
- Loaded All Assemblies, in  2.970 seconds
Refreshing native plugins compatible for Editor in 3.47 ms, found 4 plugins.
Native extension for WindowsStandalone target not found
Native extension for WebGL target not found
Mono: successfully reloaded assembly
- Finished resetting the current domain, in  1.399 seconds
Domain Reload Profiling: 4370ms
	BeginReloadAssembly (755ms)
		ExecutionOrderSort (0ms)
		DisableScriptedObjects (47ms)
		BackupInstance (0ms)
		ReleaseScriptingObjects (1ms)
		CreateAndSetChildDomain (226ms)
	RebuildCommonClasses (72ms)
	RebuildNativeTypeToScriptingClass (15ms)
	initialDomainReloadingComplete (55ms)
	LoadAllAssembliesAndSetupDomain (2073ms)
		LoadAssemblies (1793ms)
		RebuildTransferFunctionScriptingTraits (0ms)
		AnalyzeDomain (648ms)
			TypeCache.Refresh (59ms)
				TypeCache.ScanAssembly (2ms)
			BuildScriptInfoCaches (543ms)
			ResolveRequiredComponents (21ms)
	FinalizeReload (1399ms)
		ReleaseScriptCaches (0ms)
		RebuildScriptCaches (0ms)
		SetupLoadedEditorAssemblies (1033ms)
			LogAssemblyErrors (0ms)
			InitializePlatformSupportModulesInManaged (6ms)
			SetLoadedEditorAssemblies (5ms)
			BeforeProcessingInitializeOnLoad (192ms)
			ProcessInitializeOnLoadAttributes (734ms)
			ProcessInitializeOnLoadMethodAttributes (88ms)
			AfterProcessingInitializeOnLoad (7ms)
			EditorAssembliesLoaded (0ms)
		ExecutionOrderSort2 (0ms)
		AwakeInstancesAfterBackupRestoration (14ms)
Refreshing native plugins compatible for Editor in 4.75 ms, found 4 plugins.
Preloading 0 native plugins for Editor in 0.00 ms.
Unloading 13 Unused Serialized files (Serialized files now loaded: 0)
Unloading 6596 unused Assets / (4.4 MB). Loaded Objects now: 7363.
Memory consumption went from 156.5 MB to 152.1 MB.
Total: 14.553900 ms (FindLiveObjects: 2.276500 ms CreateObjectMapping: 1.736700 ms MarkObjects: 7.052100 ms  DeleteObjects: 3.478500 ms)

Prepare: number of updated asset objects reloaded= 0
========================================================================
Received Prepare
Refreshing native plugins compatible for Editor in 4.83 ms, found 4 plugins.
Preloading 0 native plugins for Editor in 0.00 ms.
Unloading 13 Unused Serialized files (Serialized files now loaded: 0)
Unloading 6585 unused Assets / (4.8 MB). Loaded Objects now: 7363.
Memory consumption went from 156.7 MB to 151.9 MB.
Total: 30.213300 ms (FindLiveObjects: 1.466700 ms CreateObjectMapping: 1.292500 ms MarkObjects: 22.858800 ms  DeleteObjects: 4.592400 ms)

Prepare: number of updated asset objects reloaded= 0
========================================================================
Received Prepare
Begin MonoManager ReloadAssembly
- Loaded All Assemblies, in  3.056 seconds
Refreshing native plugins compatible for Editor in 8.55 ms, found 4 plugins.
Native extension for WindowsStandalone target not found
Native extension for WebGL target not found
Mono: successfully reloaded assembly
- Finished resetting the current domain, in  1.300 seconds
Domain Reload Profiling: 4359ms
	BeginReloadAssembly (479ms)
		ExecutionOrderSort (0ms)
		DisableScriptedObjects (35ms)
		BackupInstance (0ms)
		ReleaseScriptingObjects (1ms)
		CreateAndSetChildDomain (182ms)
	RebuildCommonClasses (53ms)
	RebuildNativeTypeToScriptingClass (14ms)
	initialDomainReloadingComplete (47ms)
	LoadAllAssembliesAndSetupDomain (2466ms)
		LoadAssemblies (2123ms)
		RebuildTransferFunctionScriptingTraits (0ms)
		AnalyzeDomain (532ms)
			TypeCache.Refresh (55ms)
				TypeCache.ScanAssembly (2ms)
			BuildScriptInfoCaches (442ms)
			ResolveRequiredComponents (23ms)
	FinalizeReload (1301ms)
		ReleaseScriptCaches (0ms)
		RebuildScriptCaches (0ms)
		SetupLoadedEditorAssemblies (1015ms)
			LogAssemblyErrors (0ms)
			InitializePlatformSupportModulesInManaged (6ms)
			SetLoadedEditorAssemblies (4ms)
			BeforeProcessingInitializeOnLoad (193ms)
			ProcessInitializeOnLoadAttributes (717ms)
			ProcessInitializeOnLoadMethodAttributes (87ms)
			AfterProcessingInitializeOnLoad (8ms)
			EditorAssembliesLoaded (1ms)
		ExecutionOrderSort2 (0ms)
		AwakeInstancesAfterBackupRestoration (19ms)
Refreshing native plugins compatible for Editor in 5.53 ms, found 4 plugins.
Preloading 0 native plugins for Editor in 0.00 ms.
Unloading 13 Unused Serialized files (Serialized files now loaded: 0)
Unloading 6596 unused Assets / (3.9 MB). Loaded Objects now: 7365.
Memory consumption went from 156.6 MB to 152.6 MB.
Total: 17.756500 ms (FindLiveObjects: 1.428400 ms CreateObjectMapping: 1.815700 ms MarkObjects: 9.666300 ms  DeleteObjects: 4.842500 ms)

Prepare: number of updated asset objects reloaded= 0
========================================================================
Received Prepare
Begin MonoManager ReloadAssembly
- Loaded All Assemblies, in  0.960 seconds
Refreshing native plugins compatible for Editor in 2.80 ms, found 4 plugins.
Native extension for WindowsStandalone target not found
Native extension for WebGL target not found
Mono: successfully reloaded assembly
- Finished resetting the current domain, in  1.073 seconds
Domain Reload Profiling: 2031ms
	BeginReloadAssembly (244ms)
		ExecutionOrderSort (0ms)
		DisableScriptedObjects (17ms)
		BackupInstance (0ms)
		ReleaseScriptingObjects (0ms)
		CreateAndSetChildDomain (66ms)
	RebuildCommonClasses (41ms)
	RebuildNativeTypeToScriptingClass (14ms)
	initialDomainReloadingComplete (34ms)
	LoadAllAssembliesAndSetupDomain (624ms)
		LoadAssemblies (485ms)
		RebuildTransferFunctionScriptingTraits (0ms)
		AnalyzeDomain (251ms)
			TypeCache.Refresh (9ms)
				TypeCache.ScanAssembly (0ms)
			BuildScriptInfoCaches (225ms)
			ResolveRequiredComponents (12ms)
	FinalizeReload (1074ms)
		ReleaseScriptCaches (0ms)
		RebuildScriptCaches (0ms)
		SetupLoadedEditorAssemblies (863ms)
			LogAssemblyErrors (0ms)
			InitializePlatformSupportModulesInManaged (4ms)
			SetLoadedEditorAssemblies (4ms)
			BeforeProcessingInitializeOnLoad (134ms)
			ProcessInitializeOnLoadAttributes (637ms)
			ProcessInitializeOnLoadMethodAttributes (77ms)
			AfterProcessingInitializeOnLoad (7ms)
			EditorAssembliesLoaded (0ms)
		ExecutionOrderSort2 (0ms)
		AwakeInstancesAfterBackupRestoration (15ms)
Refreshing native plugins compatible for Editor in 6.04 ms, found 4 plugins.
Preloading 0 native plugins for Editor in 0.00 ms.
Unloading 13 Unused Serialized files (Serialized files now loaded: 0)
Unloading 6596 unused Assets / (5.3 MB). Loaded Objects now: 7367.
Memory consumption went from 156.6 MB to 151.3 MB.
Total: 19.553000 ms (FindLiveObjects: 1.090900 ms CreateObjectMapping: 1.968300 ms MarkObjects: 10.185400 ms  DeleteObjects: 6.305500 ms)

Prepare: number of updated asset objects reloaded= 0
========================================================================
Received Prepare
Begin MonoManager ReloadAssembly
- Loaded All Assemblies, in  0.988 seconds
Refreshing native plugins compatible for Editor in 2.69 ms, found 4 plugins.
Native extension for WindowsStandalone target not found
Native extension for WebGL target not found
Mono: successfully reloaded assembly
- Finished resetting the current domain, in  1.042 seconds
Domain Reload Profiling: 2029ms
	BeginReloadAssembly (243ms)
		ExecutionOrderSort (0ms)
		DisableScriptedObjects (16ms)
		BackupInstance (0ms)
		ReleaseScriptingObjects (0ms)
		CreateAndSetChildDomain (64ms)
	RebuildCommonClasses (41ms)
	RebuildNativeTypeToScriptingClass (14ms)
	initialDomainReloadingComplete (34ms)
	LoadAllAssembliesAndSetupDomain (654ms)
		LoadAssemblies (511ms)
		RebuildTransferFunctionScriptingTraits (0ms)
		AnalyzeDomain (259ms)
			TypeCache.Refresh (15ms)
				TypeCache.ScanAssembly (1ms)
			BuildScriptInfoCaches (228ms)
			ResolveRequiredComponents (12ms)
	FinalizeReload (1042ms)
		ReleaseScriptCaches (0ms)
		RebuildScriptCaches (0ms)
		SetupLoadedEditorAssemblies (833ms)
			LogAssemblyErrors (0ms)
			InitializePlatformSupportModulesInManaged (3ms)
			SetLoadedEditorAssemblies (4ms)
			BeforeProcessingInitializeOnLoad (155ms)
			ProcessInitializeOnLoadAttributes (587ms)
			ProcessInitializeOnLoadMethodAttributes (77ms)
			AfterProcessingInitializeOnLoad (7ms)
			EditorAssembliesLoaded (0ms)
		ExecutionOrderSort2 (0ms)
		AwakeInstancesAfterBackupRestoration (14ms)
Refreshing native plugins compatible for Editor in 3.43 ms, found 4 plugins.
Preloading 0 native plugins for Editor in 0.00 ms.
Unloading 13 Unused Serialized files (Serialized files now loaded: 0)
Unloading 6596 unused Assets / (4.8 MB). Loaded Objects now: 7369.
Memory consumption went from 156.5 MB to 151.7 MB.
Total: 14.659100 ms (FindLiveObjects: 1.011800 ms CreateObjectMapping: 1.250300 ms MarkObjects: 8.439400 ms  DeleteObjects: 3.955500 ms)

Prepare: number of updated asset objects reloaded= 0
========================================================================
Received Prepare
Refreshing native plugins compatible for Editor in 5.51 ms, found 4 plugins.
Preloading 0 native plugins for Editor in 0.00 ms.
Unloading 13 Unused Serialized files (Serialized files now loaded: 0)
Unloading 6585 unused Assets / (5.3 MB). Loaded Objects now: 7369.
Memory consumption went from 156.6 MB to 151.4 MB.
Total: 154.505000 ms (FindLiveObjects: 2.121600 ms CreateObjectMapping: 1.579600 ms MarkObjects: 139.675700 ms  DeleteObjects: 11.124200 ms)

Prepare: number of updated asset objects reloaded= 0
========================================================================
Received Prepare
Begin MonoManager ReloadAssembly
- Loaded All Assemblies, in  2.943 seconds
Refreshing native plugins compatible for Editor in 8.02 ms, found 4 plugins.
Native extension for WindowsStandalone target not found
Native extension for WebGL target not found
Mono: successfully reloaded assembly
- Finished resetting the current domain, in  1.100 seconds
Domain Reload Profiling: 4040ms
	BeginReloadAssembly (746ms)
		ExecutionOrderSort (0ms)
		DisableScriptedObjects (81ms)
		BackupInstance (0ms)
		ReleaseScriptingObjects (0ms)
		CreateAndSetChildDomain (289ms)
	RebuildCommonClasses (50ms)
	RebuildNativeTypeToScriptingClass (15ms)
	initialDomainReloadingComplete (54ms)
	LoadAllAssembliesAndSetupDomain (2075ms)
		LoadAssemblies (1879ms)
		RebuildTransferFunctionScriptingTraits (0ms)
		AnalyzeDomain (459ms)
			TypeCache.Refresh (65ms)
				TypeCache.ScanAssembly (2ms)
			BuildScriptInfoCaches (374ms)
			ResolveRequiredComponents (14ms)
	FinalizeReload (1101ms)
		ReleaseScriptCaches (0ms)
		RebuildScriptCaches (0ms)
		SetupLoadedEditorAssemblies (839ms)
			LogAssemblyErrors (0ms)
			InitializePlatformSupportModulesInManaged (5ms)
			SetLoadedEditorAssemblies (4ms)
			BeforeProcessingInitializeOnLoad (151ms)
			ProcessInitializeOnLoadAttributes (583ms)
			ProcessInitializeOnLoadMethodAttributes (89ms)
			AfterProcessingInitializeOnLoad (7ms)
			EditorAssembliesLoaded (0ms)
		ExecutionOrderSort2 (0ms)
		AwakeInstancesAfterBackupRestoration (19ms)
Refreshing native plugins compatible for Editor in 4.51 ms, found 4 plugins.
Preloading 0 native plugins for Editor in 0.00 ms.
Unloading 13 Unused Serialized files (Serialized files now loaded: 0)
Unloading 6596 unused Assets / (4.7 MB). Loaded Objects now: 7371.
Memory consumption went from 156.5 MB to 151.8 MB.
Total: 13.685100 ms (FindLiveObjects: 0.905100 ms CreateObjectMapping: 1.096800 ms MarkObjects: 6.977900 ms  DeleteObjects: 4.703000 ms)

Prepare: number of updated asset objects reloaded= 0
========================================================================
Received Prepare
Begin MonoManager ReloadAssembly
- Loaded All Assemblies, in  1.103 seconds
Refreshing native plugins compatible for Editor in 2.72 ms, found 4 plugins.
Native extension for WindowsStandalone target not found
Native extension for WebGL target not found
Mono: successfully reloaded assembly
- Finished resetting the current domain, in  1.082 seconds
Domain Reload Profiling: 2180ms
	BeginReloadAssembly (293ms)
		ExecutionOrderSort (0ms)
		DisableScriptedObjects (17ms)
		BackupInstance (0ms)
		ReleaseScriptingObjects (0ms)
		CreateAndSetChildDomain (74ms)
	RebuildCommonClasses (48ms)
	RebuildNativeTypeToScriptingClass (14ms)
	initialDomainReloadingComplete (43ms)
	LoadAllAssembliesAndSetupDomain (699ms)
		LoadAssemblies (574ms)
		RebuildTransferFunctionScriptingTraits (0ms)
		AnalyzeDomain (265ms)
			TypeCache.Refresh (12ms)
				TypeCache.ScanAssembly (0ms)
			BuildScriptInfoCaches (236ms)
			ResolveRequiredComponents (12ms)
	FinalizeReload (1083ms)
		ReleaseScriptCaches (0ms)
		RebuildScriptCaches (0ms)
		SetupLoadedEditorAssemblies (860ms)
			LogAssemblyErrors (0ms)
			InitializePlatformSupportModulesInManaged (4ms)
			SetLoadedEditorAssemblies (4ms)
			BeforeProcessingInitializeOnLoad (148ms)
			ProcessInitializeOnLoadAttributes (616ms)
			ProcessInitializeOnLoadMethodAttributes (79ms)
			AfterProcessingInitializeOnLoad (8ms)
			EditorAssembliesLoaded (0ms)
		ExecutionOrderSort2 (0ms)
		AwakeInstancesAfterBackupRestoration (15ms)
Refreshing native plugins compatible for Editor in 3.52 ms, found 4 plugins.
Preloading 0 native plugins for Editor in 0.00 ms.
Unloading 13 Unused Serialized files (Serialized files now loaded: 0)
Unloading 6596 unused Assets / (5.0 MB). Loaded Objects now: 7373.
Memory consumption went from 156.6 MB to 151.6 MB.
Total: 18.014700 ms (FindLiveObjects: 1.115100 ms CreateObjectMapping: 1.691700 ms MarkObjects: 9.715400 ms  DeleteObjects: 5.490600 ms)

Prepare: number of updated asset objects reloaded= 0
========================================================================
Received Prepare
Refreshing native plugins compatible for Editor in 4.72 ms, found 4 plugins.
Preloading 0 native plugins for Editor in 0.00 ms.
Unloading 13 Unused Serialized files (Serialized files now loaded: 0)
Unloading 6585 unused Assets / (4.5 MB). Loaded Objects now: 7373.
Memory consumption went from 156.7 MB to 152.3 MB.
Total: 17.861900 ms (FindLiveObjects: 1.414900 ms CreateObjectMapping: 1.694000 ms MarkObjects: 9.517700 ms  DeleteObjects: 5.231900 ms)

Prepare: number of updated asset objects reloaded= 0
========================================================================
Received Prepare
Begin MonoManager ReloadAssembly
- Loaded All Assemblies, in  0.965 seconds
Refreshing native plugins compatible for Editor in 4.62 ms, found 4 plugins.
Native extension for WindowsStandalone target not found
Native extension for WebGL target not found
Mono: successfully reloaded assembly
- Finished resetting the current domain, in  1.207 seconds
Domain Reload Profiling: 2172ms
	BeginReloadAssembly (253ms)
		ExecutionOrderSort (0ms)
		DisableScriptedObjects (15ms)
		BackupInstance (0ms)
		ReleaseScriptingObjects (0ms)
		CreateAndSetChildDomain (69ms)
	RebuildCommonClasses (40ms)
	RebuildNativeTypeToScriptingClass (14ms)
	initialDomainReloadingComplete (35ms)
	LoadAllAssembliesAndSetupDomain (621ms)
		LoadAssemblies (490ms)
		RebuildTransferFunctionScriptingTraits (0ms)
		AnalyzeDomain (247ms)
			TypeCache.Refresh (12ms)
				TypeCache.ScanAssembly (1ms)
			BuildScriptInfoCaches (217ms)
			ResolveRequiredComponents (13ms)
	FinalizeReload (1207ms)
		ReleaseScriptCaches (0ms)
		RebuildScriptCaches (0ms)
		SetupLoadedEditorAssemblies (932ms)
			LogAssemblyErrors (0ms)
			InitializePlatformSupportModulesInManaged (5ms)
			SetLoadedEditorAssemblies (5ms)
			BeforeProcessingInitializeOnLoad (163ms)
			ProcessInitializeOnLoadAttributes (672ms)
			ProcessInitializeOnLoadMethodAttributes (79ms)
			AfterProcessingInitializeOnLoad (8ms)
			EditorAssembliesLoaded (0ms)
		ExecutionOrderSort2 (0ms)
		AwakeInstancesAfterBackupRestoration (17ms)
Refreshing native plugins compatible for Editor in 9.03 ms, found 4 plugins.
Preloading 0 native plugins for Editor in 0.00 ms.
Unloading 13 Unused Serialized files (Serialized files now loaded: 0)
Unloading 6596 unused Assets / (5.1 MB). Loaded Objects now: 7375.
Memory consumption went from 156.6 MB to 151.4 MB.
Total: 30.746800 ms (FindLiveObjects: 2.420900 ms CreateObjectMapping: 2.900900 ms MarkObjects: 15.753700 ms  DeleteObjects: 9.665200 ms)

Prepare: number of updated asset objects reloaded= 0
========================================================================
Received Import Request.
  Time since last request: 6367.443445 seconds.
  path: Assets/Prefabs/Drawing.prefab
  artifactKey: Guid(16dc00cc738bc84479de24d9514191d1) Importer(815301076,1909f56bfc062723c751e8b465ee728b)
Start importing Assets/Prefabs/Drawing.prefab using Guid(16dc00cc738bc84479de24d9514191d1) Importer(815301076,1909f56bfc062723c751e8b465ee728b) (PreviewImporter) -> (artifact id: '1321fe89ebd6ecba30e9ab545864b9b3') in 2.695487 seconds
Number of updated asset objects reloaded before import = 0Number of asset objects unloaded after import = 6

========================================================================
Received Import Request.
  Time since last request: 0.000064 seconds.
  path: Assets/Prefabs/Square.prefab
  artifactKey: Guid(f9156897c0ee9044c997677fd0a705d9) Importer(815301076,1909f56bfc062723c751e8b465ee728b)
Start importing Assets/Prefabs/Square.prefab using Guid(f9156897c0ee9044c997677fd0a705d9) Importer(815301076,1909f56bfc062723c751e8b465ee728b) (PreviewImporter) -> (artifact id: 'eccfc95188fc4152a1023a22abf5398d') in 0.3483653 seconds
Number of updated asset objects reloaded before import = 0Number of asset objects unloaded after import = 7

========================================================================
Received Import Request.
  Time since last request: 2.076387 seconds.
  path: Assets/Scriptable_Objects/Player 2.asset
  artifactKey: Guid(d83e0c6c31340954c9703b890678078c) Importer(815301076,1909f56bfc062723c751e8b465ee728b)
Start importing Assets/Scriptable_Objects/Player 2.asset using Guid(d83e0c6c31340954c9703b890678078c) Importer(815301076,1909f56bfc062723c751e8b465ee728b) (PreviewImporter) -> (artifact id: '7198053140c68be166ce61a1b7cb8a75') in 0.004965 seconds
Number of updated asset objects reloaded before import = 0Number of asset objects unloaded after import = 1

========================================================================
Received Prepare
Refreshing native plugins compatible for Editor in 3.78 ms, found 4 plugins.
Preloading 0 native plugins for Editor in 0.00 ms.
Unloading 13 Unused Serialized files (Serialized files now loaded: 0)
Unloading 6585 unused Assets / (4.3 MB). Loaded Objects now: 7499.
Memory consumption went from 161.7 MB to 157.3 MB.
Total: 35.063100 ms (FindLiveObjects: 1.551500 ms CreateObjectMapping: 1.795200 ms MarkObjects: 26.828100 ms  DeleteObjects: 4.886200 ms)

Prepare: number of updated asset objects reloaded= 0
========================================================================
Received Prepare
Begin MonoManager ReloadAssembly
- Loaded All Assemblies, in  1.499 seconds
Refreshing native plugins compatible for Editor in 5.29 ms, found 4 plugins.
Native extension for WindowsStandalone target not found
Native extension for WebGL target not found
Mono: successfully reloaded assembly
- Finished resetting the current domain, in  1.703 seconds
Domain Reload Profiling: 3204ms
	BeginReloadAssembly (406ms)
		ExecutionOrderSort (0ms)
		DisableScriptedObjects (37ms)
		BackupInstance (0ms)
		ReleaseScriptingObjects (1ms)
		CreateAndSetChildDomain (136ms)
	RebuildCommonClasses (50ms)
	RebuildNativeTypeToScriptingClass (15ms)
	initialDomainReloadingComplete (45ms)
	LoadAllAssembliesAndSetupDomain (983ms)
		LoadAssemblies (710ms)
		RebuildTransferFunctionScriptingTraits (0ms)
		AnalyzeDomain (444ms)
			TypeCache.Refresh (22ms)
				TypeCache.ScanAssembly (1ms)
			BuildScriptInfoCaches (385ms)
			ResolveRequiredComponents (22ms)
	FinalizeReload (1704ms)
		ReleaseScriptCaches (0ms)
		RebuildScriptCaches (0ms)
		SetupLoadedEditorAssemblies (1269ms)
			LogAssemblyErrors (0ms)
			InitializePlatformSupportModulesInManaged (8ms)
			SetLoadedEditorAssemblies (6ms)
			BeforeProcessingInitializeOnLoad (241ms)
			ProcessInitializeOnLoadAttributes (883ms)
			ProcessInitializeOnLoadMethodAttributes (121ms)
			AfterProcessingInitializeOnLoad (9ms)
			EditorAssembliesLoaded (1ms)
		ExecutionOrderSort2 (0ms)
		AwakeInstancesAfterBackupRestoration (22ms)
Refreshing native plugins compatible for Editor in 4.76 ms, found 4 plugins.
Preloading 0 native plugins for Editor in 0.00 ms.
Unloading 13 Unused Serialized files (Serialized files now loaded: 0)
Unloading 6596 unused Assets / (5.0 MB). Loaded Objects now: 7399.
Memory consumption went from 158.3 MB to 153.3 MB.
Total: 22.115200 ms (FindLiveObjects: 2.043400 ms CreateObjectMapping: 1.983400 ms MarkObjects: 10.559500 ms  DeleteObjects: 7.524700 ms)

Prepare: number of updated asset objects reloaded= 0
========================================================================
Received Prepare
Begin MonoManager ReloadAssembly
- Loaded All Assemblies, in  1.044 seconds
Refreshing native plugins compatible for Editor in 3.21 ms, found 4 plugins.
Native extension for WindowsStandalone target not found
Native extension for WebGL target not found
Mono: successfully reloaded assembly
- Finished resetting the current domain, in  1.134 seconds
Domain Reload Profiling: 2177ms
	BeginReloadAssembly (262ms)
		ExecutionOrderSort (0ms)
		DisableScriptedObjects (18ms)
		BackupInstance (0ms)
		ReleaseScriptingObjects (0ms)
		CreateAndSetChildDomain (69ms)
	RebuildCommonClasses (41ms)
	RebuildNativeTypeToScriptingClass (14ms)
	initialDomainReloadingComplete (38ms)
	LoadAllAssembliesAndSetupDomain (688ms)
		LoadAssemblies (516ms)
		RebuildTransferFunctionScriptingTraits (0ms)
		AnalyzeDomain (291ms)
			TypeCache.Refresh (10ms)
				TypeCache.ScanAssembly (0ms)
			BuildScriptInfoCaches (262ms)
			ResolveRequiredComponents (14ms)
	FinalizeReload (1135ms)
		ReleaseScriptCaches (0ms)
		RebuildScriptCaches (0ms)
		SetupLoadedEditorAssemblies (886ms)
			LogAssemblyErrors (0ms)
			InitializePlatformSupportModulesInManaged (4ms)
			SetLoadedEditorAssemblies (4ms)
			BeforeProcessingInitializeOnLoad (143ms)
			ProcessInitializeOnLoadAttributes (637ms)
			ProcessInitializeOnLoadMethodAttributes (90ms)
			AfterProcessingInitializeOnLoad (8ms)
			EditorAssembliesLoaded (0ms)
		ExecutionOrderSort2 (0ms)
		AwakeInstancesAfterBackupRestoration (21ms)
Refreshing native plugins compatible for Editor in 3.01 ms, found 4 plugins.
Preloading 0 native plugins for Editor in 0.00 ms.
Unloading 13 Unused Serialized files (Serialized files now loaded: 0)
Unloading 6596 unused Assets / (4.3 MB). Loaded Objects now: 7401.
Memory consumption went from 158.2 MB to 153.9 MB.
Total: 13.662000 ms (FindLiveObjects: 1.055700 ms CreateObjectMapping: 1.465400 ms MarkObjects: 7.199700 ms  DeleteObjects: 3.939100 ms)

Prepare: number of updated asset objects reloaded= 0
========================================================================
Received Prepare
Begin MonoManager ReloadAssembly
- Loaded All Assemblies, in  1.249 seconds
Refreshing native plugins compatible for Editor in 2.72 ms, found 4 plugins.
Native extension for WindowsStandalone target not found
Native extension for WebGL target not found
Mono: successfully reloaded assembly
- Finished resetting the current domain, in  1.168 seconds
Domain Reload Profiling: 2416ms
	BeginReloadAssembly (304ms)
		ExecutionOrderSort (0ms)
		DisableScriptedObjects (21ms)
		BackupInstance (0ms)
		ReleaseScriptingObjects (0ms)
		CreateAndSetChildDomain (74ms)
	RebuildCommonClasses (58ms)
	RebuildNativeTypeToScriptingClass (16ms)
	initialDomainReloadingComplete (38ms)
	LoadAllAssembliesAndSetupDomain (832ms)
		LoadAssemblies (676ms)
		RebuildTransferFunctionScriptingTraits (0ms)
		AnalyzeDomain (306ms)
			TypeCache.Refresh (10ms)
				TypeCache.ScanAssembly (0ms)
			BuildScriptInfoCaches (277ms)
			ResolveRequiredComponents (14ms)
	FinalizeReload (1168ms)
		ReleaseScriptCaches (0ms)
		RebuildScriptCaches (0ms)
		SetupLoadedEditorAssemblies (930ms)
			LogAssemblyErrors (0ms)
			InitializePlatformSupportModulesInManaged (4ms)
			SetLoadedEditorAssemblies (4ms)
			BeforeProcessingInitializeOnLoad (149ms)
			ProcessInitializeOnLoadAttributes (679ms)
			ProcessInitializeOnLoadMethodAttributes (82ms)
			AfterProcessingInitializeOnLoad (11ms)
			EditorAssembliesLoaded (0ms)
		ExecutionOrderSort2 (0ms)
		AwakeInstancesAfterBackupRestoration (16ms)
Refreshing native plugins compatible for Editor in 3.28 ms, found 4 plugins.
Preloading 0 native plugins for Editor in 0.00 ms.
Unloading 13 Unused Serialized files (Serialized files now loaded: 0)
Unloading 6596 unused Assets / (4.9 MB). Loaded Objects now: 7403.
Memory consumption went from 158.1 MB to 153.2 MB.
Total: 16.679600 ms (FindLiveObjects: 1.387100 ms CreateObjectMapping: 1.982700 ms MarkObjects: 8.067700 ms  DeleteObjects: 5.239700 ms)

Prepare: number of updated asset objects reloaded= 0
========================================================================
Received Prepare
Begin MonoManager ReloadAssembly
- Loaded All Assemblies, in  1.034 seconds
Refreshing native plugins compatible for Editor in 3.52 ms, found 4 plugins.
Native extension for WindowsStandalone target not found
Native extension for WebGL target not found
Mono: successfully reloaded assembly
- Finished resetting the current domain, in  1.103 seconds
Domain Reload Profiling: 2136ms
	BeginReloadAssembly (271ms)
		ExecutionOrderSort (0ms)
		DisableScriptedObjects (20ms)
		BackupInstance (0ms)
		ReleaseScriptingObjects (0ms)
		CreateAndSetChildDomain (72ms)
	RebuildCommonClasses (42ms)
	RebuildNativeTypeToScriptingClass (17ms)
	initialDomainReloadingComplete (38ms)
	LoadAllAssembliesAndSetupDomain (665ms)
		LoadAssemblies (509ms)
		RebuildTransferFunctionScriptingTraits (0ms)
		AnalyzeDomain (283ms)
			TypeCache.Refresh (22ms)
				TypeCache.ScanAssembly (1ms)
			BuildScriptInfoCaches (244ms)
			ResolveRequiredComponents (13ms)
	FinalizeReload (1104ms)
		ReleaseScriptCaches (0ms)
		RebuildScriptCaches (0ms)
		SetupLoadedEditorAssemblies (864ms)
			LogAssemblyErrors (0ms)
			InitializePlatformSupportModulesInManaged (4ms)
			SetLoadedEditorAssemblies (5ms)
			BeforeProcessingInitializeOnLoad (155ms)
			ProcessInitializeOnLoadAttributes (629ms)
			ProcessInitializeOnLoadMethodAttributes (64ms)
			AfterProcessingInitializeOnLoad (7ms)
			EditorAssembliesLoaded (0ms)
		ExecutionOrderSort2 (0ms)
		AwakeInstancesAfterBackupRestoration (13ms)
Refreshing native plugins compatible for Editor in 2.98 ms, found 4 plugins.
Preloading 0 native plugins for Editor in 0.00 ms.
Unloading 13 Unused Serialized files (Serialized files now loaded: 0)
Unloading 6596 unused Assets / (4.6 MB). Loaded Objects now: 7405.
Memory consumption went from 158.2 MB to 153.6 MB.
Total: 11.386800 ms (FindLiveObjects: 1.126000 ms CreateObjectMapping: 1.143000 ms MarkObjects: 6.232300 ms  DeleteObjects: 2.882200 ms)

Prepare: number of updated asset objects reloaded= 0
========================================================================
Received Prepare
Begin MonoManager ReloadAssembly
- Loaded All Assemblies, in  1.029 seconds
Refreshing native plugins compatible for Editor in 2.79 ms, found 4 plugins.
Native extension for WindowsStandalone target not found
Native extension for WebGL target not found
Mono: successfully reloaded assembly
- Finished resetting the current domain, in  1.124 seconds
Domain Reload Profiling: 2148ms
	BeginReloadAssembly (249ms)
		ExecutionOrderSort (0ms)
		DisableScriptedObjects (16ms)
		BackupInstance (0ms)
		ReleaseScriptingObjects (0ms)
		CreateAndSetChildDomain (68ms)
	RebuildCommonClasses (40ms)
	RebuildNativeTypeToScriptingClass (14ms)
	initialDomainReloadingComplete (41ms)
	LoadAllAssembliesAndSetupDomain (679ms)
		LoadAssemblies (549ms)
		RebuildTransferFunctionScriptingTraits (0ms)
		AnalyzeDomain (249ms)
			TypeCache.Refresh (9ms)
				TypeCache.ScanAssembly (0ms)
			BuildScriptInfoCaches (223ms)
			ResolveRequiredComponents (12ms)
	FinalizeReload (1125ms)
		ReleaseScriptCaches (0ms)
		RebuildScriptCaches (0ms)
		SetupLoadedEditorAssemblies (895ms)
			LogAssemblyErrors (0ms)
			InitializePlatformSupportModulesInManaged (4ms)
			SetLoadedEditorAssemblies (3ms)
			BeforeProcessingInitializeOnLoad (139ms)
			ProcessInitializeOnLoadAttributes (656ms)
			ProcessInitializeOnLoadMethodAttributes (84ms)
			AfterProcessingInitializeOnLoad (9ms)
			EditorAssembliesLoaded (0ms)
		ExecutionOrderSort2 (0ms)
		AwakeInstancesAfterBackupRestoration (16ms)
Refreshing native plugins compatible for Editor in 3.35 ms, found 4 plugins.
Preloading 0 native plugins for Editor in 0.00 ms.
Unloading 13 Unused Serialized files (Serialized files now loaded: 0)
Unloading 6596 unused Assets / (5.3 MB). Loaded Objects now: 7407.
Memory consumption went from 158.2 MB to 152.9 MB.
Total: 20.991600 ms (FindLiveObjects: 1.576700 ms CreateObjectMapping: 1.687000 ms MarkObjects: 11.003800 ms  DeleteObjects: 6.721100 ms)

Prepare: number of updated asset objects reloaded= 0
========================================================================
Received Prepare
Begin MonoManager ReloadAssembly
- Loaded All Assemblies, in  1.166 seconds
Refreshing native plugins compatible for Editor in 3.45 ms, found 4 plugins.
Native extension for WindowsStandalone target not found
Native extension for WebGL target not found
Mono: successfully reloaded assembly
- Finished resetting the current domain, in  1.149 seconds
Domain Reload Profiling: 2313ms
	BeginReloadAssembly (347ms)
		ExecutionOrderSort (0ms)
		DisableScriptedObjects (21ms)
		BackupInstance (0ms)
		ReleaseScriptingObjects (0ms)
		CreateAndSetChildDomain (109ms)
	RebuildCommonClasses (51ms)
	RebuildNativeTypeToScriptingClass (15ms)
	initialDomainReloadingComplete (45ms)
	LoadAllAssembliesAndSetupDomain (706ms)
		LoadAssemblies (611ms)
		RebuildTransferFunctionScriptingTraits (0ms)
		AnalyzeDomain (251ms)
			TypeCache.Refresh (9ms)
				TypeCache.ScanAssembly (0ms)
			BuildScriptInfoCaches (224ms)
			ResolveRequiredComponents (13ms)
	FinalizeReload (1150ms)
		ReleaseScriptCaches (0ms)
		RebuildScriptCaches (0ms)
		SetupLoadedEditorAssemblies (872ms)
			LogAssemblyErrors (0ms)
			InitializePlatformSupportModulesInManaged (8ms)
			SetLoadedEditorAssemblies (4ms)
			BeforeProcessingInitializeOnLoad (169ms)
			ProcessInitializeOnLoadAttributes (606ms)
			ProcessInitializeOnLoadMethodAttributes (76ms)
			AfterProcessingInitializeOnLoad (8ms)
			EditorAssembliesLoaded (0ms)
		ExecutionOrderSort2 (0ms)
		AwakeInstancesAfterBackupRestoration (19ms)
Refreshing native plugins compatible for Editor in 7.15 ms, found 4 plugins.
Preloading 0 native plugins for Editor in 0.00 ms.
Unloading 13 Unused Serialized files (Serialized files now loaded: 0)
Unloading 6596 unused Assets / (5.9 MB). Loaded Objects now: 7409.
Memory consumption went from 158.2 MB to 152.3 MB.
Total: 30.899200 ms (FindLiveObjects: 2.019500 ms CreateObjectMapping: 2.739300 ms MarkObjects: 16.541900 ms  DeleteObjects: 9.595400 ms)

Prepare: number of updated asset objects reloaded= 0
========================================================================
Received Prepare
Begin MonoManager ReloadAssembly
- Loaded All Assemblies, in  1.084 seconds
Refreshing native plugins compatible for Editor in 2.87 ms, found 4 plugins.
Native extension for WindowsStandalone target not found
Native extension for WebGL target not found
Mono: successfully reloaded assembly
- Finished resetting the current domain, in  1.015 seconds
Domain Reload Profiling: 2099ms
	BeginReloadAssembly (288ms)
		ExecutionOrderSort (0ms)
		DisableScriptedObjects (22ms)
		BackupInstance (0ms)
		ReleaseScriptingObjects (0ms)
		CreateAndSetChildDomain (82ms)
	RebuildCommonClasses (45ms)
	RebuildNativeTypeToScriptingClass (14ms)
	initialDomainReloadingComplete (38ms)
	LoadAllAssembliesAndSetupDomain (698ms)
		LoadAssemblies (556ms)
		RebuildTransferFunctionScriptingTraits (0ms)
		AnalyzeDomain (273ms)
			TypeCache.Refresh (18ms)
				TypeCache.ScanAssembly (1ms)
			BuildScriptInfoCaches (238ms)
			ResolveRequiredComponents (13ms)
	FinalizeReload (1016ms)
		ReleaseScriptCaches (0ms)
		RebuildScriptCaches (0ms)
		SetupLoadedEditorAssemblies (785ms)
			LogAssemblyErrors (0ms)
			InitializePlatformSupportModulesInManaged (4ms)
			SetLoadedEditorAssemblies (3ms)
			BeforeProcessingInitializeOnLoad (141ms)
			ProcessInitializeOnLoadAttributes (555ms)
			ProcessInitializeOnLoadMethodAttributes (75ms)
			AfterProcessingInitializeOnLoad (7ms)
			EditorAssembliesLoaded (0ms)
		ExecutionOrderSort2 (0ms)
		AwakeInstancesAfterBackupRestoration (12ms)
Refreshing native plugins compatible for Editor in 3.71 ms, found 4 plugins.
Preloading 0 native plugins for Editor in 0.00 ms.
Unloading 13 Unused Serialized files (Serialized files now loaded: 0)
Unloading 6596 unused Assets / (5.5 MB). Loaded Objects now: 7411.
Memory consumption went from 158.2 MB to 152.7 MB.
Total: 14.085400 ms (FindLiveObjects: 1.064600 ms CreateObjectMapping: 0.965400 ms MarkObjects: 6.500700 ms  DeleteObjects: 5.551800 ms)

Prepare: number of updated asset objects reloaded= 0
========================================================================
Received Prepare
Begin MonoManager ReloadAssembly
- Loaded All Assemblies, in  0.981 seconds
Refreshing native plugins compatible for Editor in 2.78 ms, found 4 plugins.
Native extension for WindowsStandalone target not found
Native extension for WebGL target not found
Mono: successfully reloaded assembly
- Finished resetting the current domain, in  1.126 seconds
Domain Reload Profiling: 2105ms
	BeginReloadAssembly (241ms)
		ExecutionOrderSort (0ms)
		DisableScriptedObjects (17ms)
		BackupInstance (0ms)
		ReleaseScriptingObjects (0ms)
		CreateAndSetChildDomain (65ms)
	RebuildCommonClasses (41ms)
	RebuildNativeTypeToScriptingClass (14ms)
	initialDomainReloadingComplete (34ms)
	LoadAllAssembliesAndSetupDomain (649ms)
		LoadAssemblies (468ms)
		RebuildTransferFunctionScriptingTraits (0ms)
		AnalyzeDomain (292ms)
			TypeCache.Refresh (12ms)
				TypeCache.ScanAssembly (0ms)
			BuildScriptInfoCaches (263ms)
			ResolveRequiredComponents (14ms)
	FinalizeReload (1126ms)
		ReleaseScriptCaches (0ms)
		RebuildScriptCaches (0ms)
		SetupLoadedEditorAssemblies (894ms)
			LogAssemblyErrors (0ms)
			InitializePlatformSupportModulesInManaged (3ms)
			SetLoadedEditorAssemblies (3ms)
			BeforeProcessingInitializeOnLoad (139ms)
			ProcessInitializeOnLoadAttributes (657ms)
			ProcessInitializeOnLoadMethodAttributes (83ms)
			AfterProcessingInitializeOnLoad (8ms)
			EditorAssembliesLoaded (0ms)
		ExecutionOrderSort2 (0ms)
		AwakeInstancesAfterBackupRestoration (17ms)
Refreshing native plugins compatible for Editor in 4.82 ms, found 4 plugins.
Preloading 0 native plugins for Editor in 0.00 ms.
Unloading 13 Unused Serialized files (Serialized files now loaded: 0)
Unloading 6596 unused Assets / (5.2 MB). Loaded Objects now: 7413.
Memory consumption went from 158.2 MB to 153.0 MB.
Total: 28.467400 ms (FindLiveObjects: 2.065100 ms CreateObjectMapping: 2.879200 ms MarkObjects: 12.734400 ms  DeleteObjects: 10.785500 ms)

Prepare: number of updated asset objects reloaded= 0
========================================================================
Received Prepare
Begin MonoManager ReloadAssembly
- Loaded All Assemblies, in  1.041 seconds
Refreshing native plugins compatible for Editor in 2.86 ms, found 4 plugins.
Native extension for WindowsStandalone target not found
Native extension for WebGL target not found
Mono: successfully reloaded assembly
- Finished resetting the current domain, in  0.993 seconds
Domain Reload Profiling: 2033ms
	BeginReloadAssembly (331ms)
		ExecutionOrderSort (0ms)
		DisableScriptedObjects (16ms)
		BackupInstance (0ms)
		ReleaseScriptingObjects (0ms)
		CreateAndSetChildDomain (136ms)
	RebuildCommonClasses (48ms)
	RebuildNativeTypeToScriptingClass (14ms)
	initialDomainReloadingComplete (34ms)
	LoadAllAssembliesAndSetupDomain (612ms)
		LoadAssemblies (485ms)
		RebuildTransferFunctionScriptingTraits (0ms)
		AnalyzeDomain (255ms)
			TypeCache.Refresh (15ms)
				TypeCache.ScanAssembly (1ms)
			BuildScriptInfoCaches (224ms)
			ResolveRequiredComponents (12ms)
	FinalizeReload (994ms)
		ReleaseScriptCaches (0ms)
		RebuildScriptCaches (0ms)
		SetupLoadedEditorAssemblies (750ms)
			LogAssemblyErrors (0ms)
			InitializePlatformSupportModulesInManaged (3ms)
			SetLoadedEditorAssemblies (4ms)
			BeforeProcessingInitializeOnLoad (134ms)
			ProcessInitializeOnLoadAttributes (543ms)
			ProcessInitializeOnLoadMethodAttributes (59ms)
			AfterProcessingInitializeOnLoad (7ms)
			EditorAssembliesLoaded (0ms)
		ExecutionOrderSort2 (0ms)
		AwakeInstancesAfterBackupRestoration (13ms)
Refreshing native plugins compatible for Editor in 2.85 ms, found 4 plugins.
Preloading 0 native plugins for Editor in 0.00 ms.
Unloading 13 Unused Serialized files (Serialized files now loaded: 0)
Unloading 6596 unused Assets / (6.3 MB). Loaded Objects now: 7415.
Memory consumption went from 158.2 MB to 151.9 MB.
Total: 12.271800 ms (FindLiveObjects: 0.837800 ms CreateObjectMapping: 0.740900 ms MarkObjects: 5.949600 ms  DeleteObjects: 4.741700 ms)

Prepare: number of updated asset objects reloaded= 0
========================================================================
Received Prepare
Begin MonoManager ReloadAssembly
- Loaded All Assemblies, in  1.050 seconds
Refreshing native plugins compatible for Editor in 2.87 ms, found 4 plugins.
Native extension for WindowsStandalone target not found
Native extension for WebGL target not found
Mono: successfully reloaded assembly
- Finished resetting the current domain, in  1.761 seconds
Domain Reload Profiling: 2809ms
	BeginReloadAssembly (259ms)
		ExecutionOrderSort (0ms)
		DisableScriptedObjects (17ms)
		BackupInstance (0ms)
		ReleaseScriptingObjects (0ms)
		CreateAndSetChildDomain (68ms)
	RebuildCommonClasses (43ms)
	RebuildNativeTypeToScriptingClass (15ms)
	initialDomainReloadingComplete (37ms)
	LoadAllAssembliesAndSetupDomain (693ms)
		LoadAssemblies (552ms)
		RebuildTransferFunctionScriptingTraits (0ms)
		AnalyzeDomain (263ms)
			TypeCache.Refresh (15ms)
				TypeCache.ScanAssembly (1ms)
			BuildScriptInfoCaches (229ms)
			ResolveRequiredComponents (14ms)
	FinalizeReload (1762ms)
		ReleaseScriptCaches (0ms)
		RebuildScriptCaches (0ms)
		SetupLoadedEditorAssemblies (1490ms)
			LogAssemblyErrors (0ms)
			InitializePlatformSupportModulesInManaged (4ms)
			SetLoadedEditorAssemblies (4ms)
			BeforeProcessingInitializeOnLoad (224ms)
			ProcessInitializeOnLoadAttributes (699ms)
			ProcessInitializeOnLoadMethodAttributes (550ms)
			AfterProcessingInitializeOnLoad (7ms)
			EditorAssembliesLoaded (1ms)
		ExecutionOrderSort2 (0ms)
		AwakeInstancesAfterBackupRestoration (20ms)
Refreshing native plugins compatible for Editor in 4.02 ms, found 4 plugins.
Preloading 0 native plugins for Editor in 0.00 ms.
Unloading 13 Unused Serialized files (Serialized files now loaded: 0)
Unloading 6596 unused Assets / (5.1 MB). Loaded Objects now: 7417.
Memory consumption went from 158.2 MB to 153.0 MB.
Total: 25.467600 ms (FindLiveObjects: 1.087900 ms CreateObjectMapping: 1.423900 ms MarkObjects: 8.904600 ms  DeleteObjects: 14.049000 ms)

Prepare: number of updated asset objects reloaded= 0
========================================================================
Received Prepare
Begin MonoManager ReloadAssembly
- Loaded All Assemblies, in  0.944 seconds
Refreshing native plugins compatible for Editor in 2.71 ms, found 4 plugins.
Native extension for WindowsStandalone target not found
Native extension for WebGL target not found
Mono: successfully reloaded assembly
- Finished resetting the current domain, in  1.193 seconds
Domain Reload Profiling: 2136ms
	BeginReloadAssembly (236ms)
		ExecutionOrderSort (0ms)
		DisableScriptedObjects (16ms)
		BackupInstance (0ms)
		ReleaseScriptingObjects (0ms)
		CreateAndSetChildDomain (59ms)
	RebuildCommonClasses (41ms)
	RebuildNativeTypeToScriptingClass (14ms)
	initialDomainReloadingComplete (34ms)
	LoadAllAssembliesAndSetupDomain (617ms)
		LoadAssemblies (475ms)
		RebuildTransferFunctionScriptingTraits (0ms)
		AnalyzeDomain (256ms)
			TypeCache.Refresh (8ms)
				TypeCache.ScanAssembly (0ms)
			BuildScriptInfoCaches (231ms)
			ResolveRequiredComponents (12ms)
	FinalizeReload (1194ms)
		ReleaseScriptCaches (0ms)
		RebuildScriptCaches (0ms)
		SetupLoadedEditorAssemblies (941ms)
			LogAssemblyErrors (0ms)
			InitializePlatformSupportModulesInManaged (4ms)
			SetLoadedEditorAssemblies (4ms)
			BeforeProcessingInitializeOnLoad (146ms)
			ProcessInitializeOnLoadAttributes (690ms)
			ProcessInitializeOnLoadMethodAttributes (89ms)
			AfterProcessingInitializeOnLoad (8ms)
			EditorAssembliesLoaded (0ms)
		ExecutionOrderSort2 (0ms)
		AwakeInstancesAfterBackupRestoration (16ms)
Refreshing native plugins compatible for Editor in 6.55 ms, found 4 plugins.
Preloading 0 native plugins for Editor in 0.00 ms.
Unloading 13 Unused Serialized files (Serialized files now loaded: 0)
Unloading 6596 unused Assets / (5.6 MB). Loaded Objects now: 7419.
Memory consumption went from 158.1 MB to 152.5 MB.
Total: 18.743600 ms (FindLiveObjects: 1.657200 ms CreateObjectMapping: 1.504000 ms MarkObjects: 8.364300 ms  DeleteObjects: 7.215600 ms)

Prepare: number of updated asset objects reloaded= 0
========================================================================
Received Prepare
Refreshing native plugins compatible for Editor in 4.65 ms, found 4 plugins.
Preloading 0 native plugins for Editor in 0.00 ms.
Unloading 13 Unused Serialized files (Serialized files now loaded: 0)
Unloading 6585 unused Assets / (4.7 MB). Loaded Objects now: 7419.
Memory consumption went from 158.3 MB to 153.5 MB.
Total: 18.946700 ms (FindLiveObjects: 1.497900 ms CreateObjectMapping: 1.882100 ms MarkObjects: 9.802000 ms  DeleteObjects: 5.761700 ms)

Prepare: number of updated asset objects reloaded= 0
========================================================================
Received Prepare
Begin MonoManager ReloadAssembly
- Loaded All Assemblies, in  1.096 seconds
Refreshing native plugins compatible for Editor in 3.06 ms, found 4 plugins.
Native extension for WindowsStandalone target not found
Native extension for WebGL target not found
Mono: successfully reloaded assembly
- Finished resetting the current domain, in  1.018 seconds
Domain Reload Profiling: 2113ms
	BeginReloadAssembly (294ms)
		ExecutionOrderSort (0ms)
		DisableScriptedObjects (18ms)
		BackupInstance (0ms)
		ReleaseScriptingObjects (0ms)
		CreateAndSetChildDomain (70ms)
	RebuildCommonClasses (47ms)
	RebuildNativeTypeToScriptingClass (14ms)
	initialDomainReloadingComplete (36ms)
	LoadAllAssembliesAndSetupDomain (705ms)
		LoadAssemblies (575ms)
		RebuildTransferFunctionScriptingTraits (0ms)
		AnalyzeDomain (278ms)
			TypeCache.Refresh (13ms)
				TypeCache.ScanAssembly (1ms)
			BuildScriptInfoCaches (245ms)
			ResolveRequiredComponents (14ms)
	FinalizeReload (1018ms)
		ReleaseScriptCaches (0ms)
		RebuildScriptCaches (0ms)
		SetupLoadedEditorAssemblies (787ms)
			LogAssemblyErrors (0ms)
			InitializePlatformSupportModulesInManaged (4ms)
			SetLoadedEditorAssemblies (3ms)
			BeforeProcessingInitializeOnLoad (143ms)
			ProcessInitializeOnLoadAttributes (565ms)
			ProcessInitializeOnLoadMethodAttributes (64ms)
			AfterProcessingInitializeOnLoad (7ms)
			EditorAssembliesLoaded (0ms)
		ExecutionOrderSort2 (0ms)
		AwakeInstancesAfterBackupRestoration (14ms)
Refreshing native plugins compatible for Editor in 2.51 ms, found 4 plugins.
Preloading 0 native plugins for Editor in 0.00 ms.
Unloading 13 Unused Serialized files (Serialized files now loaded: 0)
Unloading 6596 unused Assets / (4.9 MB). Loaded Objects now: 7421.
Memory consumption went from 158.2 MB to 153.3 MB.
Total: 11.673000 ms (FindLiveObjects: 0.965900 ms CreateObjectMapping: 0.801200 ms MarkObjects: 6.057700 ms  DeleteObjects: 3.846100 ms)

Prepare: number of updated asset objects reloaded= 0
========================================================================
Received Prepare
Begin MonoManager ReloadAssembly
- Loaded All Assemblies, in  1.157 seconds
Refreshing native plugins compatible for Editor in 3.74 ms, found 4 plugins.
Native extension for WindowsStandalone target not found
Native extension for WebGL target not found
Mono: successfully reloaded assembly
- Finished resetting the current domain, in  2.018 seconds
Domain Reload Profiling: 3179ms
	BeginReloadAssembly (244ms)
		ExecutionOrderSort (0ms)
		DisableScriptedObjects (16ms)
		BackupInstance (0ms)
		ReleaseScriptingObjects (0ms)
		CreateAndSetChildDomain (65ms)
	RebuildCommonClasses (42ms)
	RebuildNativeTypeToScriptingClass (20ms)
	initialDomainReloadingComplete (36ms)
	LoadAllAssembliesAndSetupDomain (818ms)
		LoadAssemblies (582ms)
		RebuildTransferFunctionScriptingTraits (0ms)
		AnalyzeDomain (345ms)
			TypeCache.Refresh (13ms)
				TypeCache.ScanAssembly (0ms)
			BuildScriptInfoCaches (308ms)
			ResolveRequiredComponents (17ms)
	FinalizeReload (2019ms)
		ReleaseScriptCaches (0ms)
		RebuildScriptCaches (0ms)
		SetupLoadedEditorAssemblies (1626ms)
			LogAssemblyErrors (0ms)
			InitializePlatformSupportModulesInManaged (12ms)
			SetLoadedEditorAssemblies (10ms)
			BeforeProcessingInitializeOnLoad (313ms)
			ProcessInitializeOnLoadAttributes (1181ms)
			ProcessInitializeOnLoadMethodAttributes (100ms)
			AfterProcessingInitializeOnLoad (9ms)
			EditorAssembliesLoaded (1ms)
		ExecutionOrderSort2 (0ms)
		AwakeInstancesAfterBackupRestoration (23ms)
Refreshing native plugins compatible for Editor in 5.36 ms, found 4 plugins.
Preloading 0 native plugins for Editor in 0.00 ms.
Unloading 13 Unused Serialized files (Serialized files now loaded: 0)
Unloading 6596 unused Assets / (6.1 MB). Loaded Objects now: 7423.
Memory consumption went from 158.2 MB to 152.1 MB.
Total: 28.865800 ms (FindLiveObjects: 1.744800 ms CreateObjectMapping: 2.259700 ms MarkObjects: 13.642100 ms  DeleteObjects: 11.213400 ms)

Prepare: number of updated asset objects reloaded= 0
========================================================================
Received Prepare
Refreshing native plugins compatible for Editor in 3.29 ms, found 4 plugins.
Preloading 0 native plugins for Editor in 0.00 ms.
Unloading 13 Unused Serialized files (Serialized files now loaded: 0)
Unloading 6585 unused Assets / (5.0 MB). Loaded Objects now: 7423.
Memory consumption went from 158.3 MB to 153.4 MB.
Total: 44.763200 ms (FindLiveObjects: 1.536300 ms CreateObjectMapping: 1.275000 ms MarkObjects: 37.609300 ms  DeleteObjects: 4.339900 ms)

Prepare: number of updated asset objects reloaded= 0
========================================================================
Received Prepare
Refreshing native plugins compatible for Editor in 4.53 ms, found 4 plugins.
Preloading 0 native plugins for Editor in 0.00 ms.
Unloading 13 Unused Serialized files (Serialized files now loaded: 0)
Unloading 6585 unused Assets / (4.9 MB). Loaded Objects now: 7423.
Memory consumption went from 158.3 MB to 153.5 MB.
Total: 18.517200 ms (FindLiveObjects: 1.690700 ms CreateObjectMapping: 2.720400 ms MarkObjects: 9.121900 ms  DeleteObjects: 4.981200 ms)

Prepare: number of updated asset objects reloaded= 0
========================================================================
Received Prepare
Refreshing native plugins compatible for Editor in 3.95 ms, found 4 plugins.
Preloading 0 native plugins for Editor in 0.00 ms.
Unloading 13 Unused Serialized files (Serialized files now loaded: 0)
Unloading 6585 unused Assets / (5.2 MB). Loaded Objects now: 7423.
Memory consumption went from 158.3 MB to 153.1 MB.
Total: 18.836800 ms (FindLiveObjects: 1.319100 ms CreateObjectMapping: 1.386000 ms MarkObjects: 9.590800 ms  DeleteObjects: 6.538100 ms)

Prepare: number of updated asset objects reloaded= 0
========================================================================
Received Prepare
Refreshing native plugins compatible for Editor in 2.58 ms, found 4 plugins.
Preloading 0 native plugins for Editor in 0.00 ms.
Unloading 13 Unused Serialized files (Serialized files now loaded: 0)
Unloading 6585 unused Assets / (4.6 MB). Loaded Objects now: 7423.
Memory consumption went from 158.3 MB to 153.7 MB.
Total: 12.522900 ms (FindLiveObjects: 0.833600 ms CreateObjectMapping: 0.785000 ms MarkObjects: 7.055700 ms  DeleteObjects: 3.846300 ms)

Prepare: number of updated asset objects reloaded= 0
========================================================================
Received Prepare
Begin MonoManager ReloadAssembly
- Loaded All Assemblies, in  3.802 seconds
Refreshing native plugins compatible for Editor in 4.26 ms, found 4 plugins.
Native extension for WindowsStandalone target not found
Native extension for WebGL target not found
Mono: successfully reloaded assembly
- Finished resetting the current domain, in  1.123 seconds
Domain Reload Profiling: 4923ms
	BeginReloadAssembly (1592ms)
		ExecutionOrderSort (0ms)
		DisableScriptedObjects (225ms)
		BackupInstance (0ms)
		ReleaseScriptingObjects (1ms)
		CreateAndSetChildDomain (688ms)
	RebuildCommonClasses (60ms)
	RebuildNativeTypeToScriptingClass (16ms)
	initialDomainReloadingComplete (56ms)
	LoadAllAssembliesAndSetupDomain (2077ms)
		LoadAssemblies (2115ms)
		RebuildTransferFunctionScriptingTraits (0ms)
		AnalyzeDomain (417ms)
			TypeCache.Refresh (47ms)
				TypeCache.ScanAssembly (3ms)
			BuildScriptInfoCaches (334ms)
			ResolveRequiredComponents (17ms)
	FinalizeReload (1123ms)
		ReleaseScriptCaches (0ms)
		RebuildScriptCaches (0ms)
		SetupLoadedEditorAssemblies (863ms)
			LogAssemblyErrors (0ms)
			InitializePlatformSupportModulesInManaged (4ms)
			SetLoadedEditorAssemblies (5ms)
			BeforeProcessingInitializeOnLoad (154ms)
			ProcessInitializeOnLoadAttributes (620ms)
			ProcessInitializeOnLoadMethodAttributes (72ms)
			AfterProcessingInitializeOnLoad (7ms)
			EditorAssembliesLoaded (0ms)
		ExecutionOrderSort2 (0ms)
		AwakeInstancesAfterBackupRestoration (13ms)
Refreshing native plugins compatible for Editor in 5.37 ms, found 4 plugins.
Preloading 0 native plugins for Editor in 0.00 ms.
Unloading 13 Unused Serialized files (Serialized files now loaded: 0)
Unloading 6596 unused Assets / (6.8 MB). Loaded Objects now: 7425.
Memory consumption went from 158.2 MB to 151.4 MB.
Total: 25.930300 ms (FindLiveObjects: 1.839900 ms CreateObjectMapping: 1.616100 ms MarkObjects: 10.469400 ms  DeleteObjects: 12.001700 ms)

Prepare: number of updated asset objects reloaded= 0
========================================================================
Received Prepare
Begin MonoManager ReloadAssembly
- Loaded All Assemblies, in  1.059 seconds
Refreshing native plugins compatible for Editor in 3.13 ms, found 4 plugins.
Native extension for WindowsStandalone target not found
Native extension for WebGL target not found
Mono: successfully reloaded assembly
- Finished resetting the current domain, in  1.131 seconds
Domain Reload Profiling: 2189ms
	BeginReloadAssembly (291ms)
		ExecutionOrderSort (0ms)
		DisableScriptedObjects (18ms)
		BackupInstance (0ms)
		ReleaseScriptingObjects (0ms)
		CreateAndSetChildDomain (62ms)
	RebuildCommonClasses (52ms)
	RebuildNativeTypeToScriptingClass (14ms)
	initialDomainReloadingComplete (37ms)
	LoadAllAssembliesAndSetupDomain (664ms)
		LoadAssemblies (552ms)
		RebuildTransferFunctionScriptingTraits (0ms)
		AnalyzeDomain (263ms)
			TypeCache.Refresh (8ms)
				TypeCache.ScanAssembly (0ms)
			BuildScriptInfoCaches (236ms)
			ResolveRequiredComponents (15ms)
	FinalizeReload (1131ms)
		ReleaseScriptCaches (0ms)
		RebuildScriptCaches (0ms)
		SetupLoadedEditorAssemblies (899ms)
			LogAssemblyErrors (0ms)
			InitializePlatformSupportModulesInManaged (3ms)
			SetLoadedEditorAssemblies (4ms)
			BeforeProcessingInitializeOnLoad (144ms)
			ProcessInitializeOnLoadAttributes (660ms)
			ProcessInitializeOnLoadMethodAttributes (79ms)
			AfterProcessingInitializeOnLoad (8ms)
			EditorAssembliesLoaded (0ms)
		ExecutionOrderSort2 (0ms)
		AwakeInstancesAfterBackupRestoration (17ms)
Refreshing native plugins compatible for Editor in 3.00 ms, found 4 plugins.
Preloading 0 native plugins for Editor in 0.00 ms.
Unloading 13 Unused Serialized files (Serialized files now loaded: 0)
Unloading 6596 unused Assets / (5.3 MB). Loaded Objects now: 7427.
Memory consumption went from 158.2 MB to 152.9 MB.
Total: 16.923900 ms (FindLiveObjects: 0.882400 ms CreateObjectMapping: 1.085100 ms MarkObjects: 9.070000 ms  DeleteObjects: 5.884000 ms)

Prepare: number of updated asset objects reloaded= 0
========================================================================
Received Prepare
Refreshing native plugins compatible for Editor in 3.99 ms, found 4 plugins.
Preloading 0 native plugins for Editor in 0.00 ms.
Unloading 13 Unused Serialized files (Serialized files now loaded: 0)
Unloading 6585 unused Assets / (5.3 MB). Loaded Objects now: 7427.
Memory consumption went from 158.4 MB to 153.1 MB.
Total: 18.236700 ms (FindLiveObjects: 1.412000 ms CreateObjectMapping: 2.104700 ms MarkObjects: 9.532100 ms  DeleteObjects: 5.185100 ms)

Prepare: number of updated asset objects reloaded= 0
========================================================================
Received Prepare
Refreshing native plugins compatible for Editor in 3.89 ms, found 4 plugins.
Preloading 0 native plugins for Editor in 0.00 ms.
Unloading 13 Unused Serialized files (Serialized files now loaded: 0)
Unloading 6585 unused Assets / (5.0 MB). Loaded Objects now: 7427.
Memory consumption went from 158.4 MB to 153.3 MB.
Total: 18.227200 ms (FindLiveObjects: 1.057900 ms CreateObjectMapping: 0.693800 ms MarkObjects: 10.153400 ms  DeleteObjects: 6.318700 ms)

Prepare: number of updated asset objects reloaded= 0
========================================================================
Received Prepare
Begin MonoManager ReloadAssembly
- Loaded All Assemblies, in  2.501 seconds
Refreshing native plugins compatible for Editor in 8.51 ms, found 4 plugins.
Native extension for WindowsStandalone target not found
Native extension for WebGL target not found
Mono: successfully reloaded assembly
- Finished resetting the current domain, in  1.901 seconds
Domain Reload Profiling: 4399ms
	BeginReloadAssembly (444ms)
		ExecutionOrderSort (0ms)
		DisableScriptedObjects (46ms)
		BackupInstance (0ms)
		ReleaseScriptingObjects (0ms)
		CreateAndSetChildDomain (146ms)
	RebuildCommonClasses (56ms)
	RebuildNativeTypeToScriptingClass (16ms)
	initialDomainReloadingComplete (47ms)
	LoadAllAssembliesAndSetupDomain (1934ms)
		LoadAssemblies (946ms)
		RebuildTransferFunctionScriptingTraits (0ms)
		AnalyzeDomain (1166ms)
			TypeCache.Refresh (30ms)
				TypeCache.ScanAssembly (2ms)
			BuildScriptInfoCaches (921ms)
			ResolveRequiredComponents (155ms)
	FinalizeReload (1903ms)
		ReleaseScriptCaches (0ms)
		RebuildScriptCaches (0ms)
		SetupLoadedEditorAssemblies (1632ms)
			LogAssemblyErrors (0ms)
			InitializePlatformSupportModulesInManaged (5ms)
			SetLoadedEditorAssemblies (4ms)
			BeforeProcessingInitializeOnLoad (169ms)
			ProcessInitializeOnLoadAttributes (1365ms)
			ProcessInitializeOnLoadMethodAttributes (80ms)
			AfterProcessingInitializeOnLoad (8ms)
			EditorAssembliesLoaded (1ms)
		ExecutionOrderSort2 (0ms)
		AwakeInstancesAfterBackupRestoration (15ms)
Refreshing native plugins compatible for Editor in 3.70 ms, found 4 plugins.
Preloading 0 native plugins for Editor in 0.00 ms.
Unloading 13 Unused Serialized files (Serialized files now loaded: 0)
Unloading 6596 unused Assets / (6.0 MB). Loaded Objects now: 7429.
Memory consumption went from 158.2 MB to 152.1 MB.
Total: 33.199900 ms (FindLiveObjects: 1.910200 ms CreateObjectMapping: 1.905200 ms MarkObjects: 14.685500 ms  DeleteObjects: 14.694600 ms)

Prepare: number of updated asset objects reloaded= 0
========================================================================
Received Prepare
Begin MonoManager ReloadAssembly
- Loaded All Assemblies, in  1.001 seconds
Refreshing native plugins compatible for Editor in 3.05 ms, found 4 plugins.
Native extension for WindowsStandalone target not found
Native extension for WebGL target not found
Mono: successfully reloaded assembly
- Finished resetting the current domain, in  6.574 seconds
Domain Reload Profiling: 7574ms
	BeginReloadAssembly (264ms)
		ExecutionOrderSort (0ms)
		DisableScriptedObjects (19ms)
		BackupInstance (0ms)
		ReleaseScriptingObjects (0ms)
		CreateAndSetChildDomain (76ms)
	RebuildCommonClasses (41ms)
	RebuildNativeTypeToScriptingClass (14ms)
	initialDomainReloadingComplete (38ms)
	LoadAllAssembliesAndSetupDomain (644ms)
		LoadAssemblies (503ms)
		RebuildTransferFunctionScriptingTraits (0ms)
		AnalyzeDomain (256ms)
			TypeCache.Refresh (9ms)
				TypeCache.ScanAssembly (0ms)
			BuildScriptInfoCaches (229ms)
			ResolveRequiredComponents (13ms)
	FinalizeReload (6574ms)
		ReleaseScriptCaches (0ms)
		RebuildScriptCaches (0ms)
		SetupLoadedEditorAssemblies (6330ms)
			LogAssemblyErrors (0ms)
			InitializePlatformSupportModulesInManaged (4ms)
			SetLoadedEditorAssemblies (4ms)
			BeforeProcessingInitializeOnLoad (143ms)
			ProcessInitializeOnLoadAttributes (5541ms)
			ProcessInitializeOnLoadMethodAttributes (630ms)
			AfterProcessingInitializeOnLoad (8ms)
			EditorAssembliesLoaded (0ms)
		ExecutionOrderSort2 (0ms)
		AwakeInstancesAfterBackupRestoration (22ms)
Refreshing native plugins compatible for Editor in 3.53 ms, found 4 plugins.
Preloading 0 native plugins for Editor in 0.00 ms.
Unloading 13 Unused Serialized files (Serialized files now loaded: 0)
Unloading 6596 unused Assets / (4.5 MB). Loaded Objects now: 7431.
Memory consumption went from 158.2 MB to 153.7 MB.
Total: 16.112600 ms (FindLiveObjects: 1.211200 ms CreateObjectMapping: 1.433500 ms MarkObjects: 8.952600 ms  DeleteObjects: 4.512600 ms)

Prepare: number of updated asset objects reloaded= 0
========================================================================
Received Prepare
Refreshing native plugins compatible for Editor in 4.48 ms, found 4 plugins.
Preloading 0 native plugins for Editor in 0.00 ms.
Unloading 13 Unused Serialized files (Serialized files now loaded: 0)
Unloading 6585 unused Assets / (5.3 MB). Loaded Objects now: 7431.
Memory consumption went from 158.4 MB to 153.1 MB.
Total: 24.095500 ms (FindLiveObjects: 1.690100 ms CreateObjectMapping: 2.516700 ms MarkObjects: 10.714600 ms  DeleteObjects: 9.170300 ms)

Prepare: number of updated asset objects reloaded= 0
========================================================================
Received Prepare
Begin MonoManager ReloadAssembly
- Loaded All Assemblies, in  1.096 seconds
Refreshing native plugins compatible for Editor in 4.22 ms, found 4 plugins.
Native extension for WindowsStandalone target not found
Native extension for WebGL target not found
Mono: successfully reloaded assembly
- Finished resetting the current domain, in  1.102 seconds
Domain Reload Profiling: 2197ms
	BeginReloadAssembly (283ms)
		ExecutionOrderSort (0ms)
		DisableScriptedObjects (23ms)
		BackupInstance (0ms)
		ReleaseScriptingObjects (0ms)
		CreateAndSetChildDomain (79ms)
	RebuildCommonClasses (43ms)
	RebuildNativeTypeToScriptingClass (15ms)
	initialDomainReloadingComplete (36ms)
	LoadAllAssembliesAndSetupDomain (717ms)
		LoadAssemblies (568ms)
		RebuildTransferFunctionScriptingTraits (0ms)
		AnalyzeDomain (270ms)
			TypeCache.Refresh (15ms)
				TypeCache.ScanAssembly (1ms)
			BuildScriptInfoCaches (237ms)
			ResolveRequiredComponents (13ms)
	FinalizeReload (1103ms)
		ReleaseScriptCaches (0ms)
		RebuildScriptCaches (0ms)
		SetupLoadedEditorAssemblies (852ms)
			LogAssemblyErrors (0ms)
			InitializePlatformSupportModulesInManaged (5ms)
			SetLoadedEditorAssemblies (4ms)
			BeforeProcessingInitializeOnLoad (166ms)
			ProcessInitializeOnLoadAttributes (605ms)
			ProcessInitializeOnLoadMethodAttributes (65ms)
			AfterProcessingInitializeOnLoad (7ms)
			EditorAssembliesLoaded (1ms)
		ExecutionOrderSort2 (0ms)
		AwakeInstancesAfterBackupRestoration (14ms)
Refreshing native plugins compatible for Editor in 2.71 ms, found 4 plugins.
Preloading 0 native plugins for Editor in 0.00 ms.
Unloading 13 Unused Serialized files (Serialized files now loaded: 0)
Unloading 6596 unused Assets / (5.2 MB). Loaded Objects now: 7433.
Memory consumption went from 158.2 MB to 153.0 MB.
Total: 12.602900 ms (FindLiveObjects: 1.007500 ms CreateObjectMapping: 1.139800 ms MarkObjects: 5.708400 ms  DeleteObjects: 4.744900 ms)

Prepare: number of updated asset objects reloaded= 0
========================================================================
Received Prepare
Begin MonoManager ReloadAssembly
- Loaded All Assemblies, in  1.053 seconds
Refreshing native plugins compatible for Editor in 2.96 ms, found 4 plugins.
Native extension for WindowsStandalone target not found
Native extension for WebGL target not found
Mono: successfully reloaded assembly
- Finished resetting the current domain, in  1.068 seconds
Domain Reload Profiling: 2119ms
	BeginReloadAssembly (325ms)
		ExecutionOrderSort (0ms)
		DisableScriptedObjects (17ms)
		BackupInstance (0ms)
		ReleaseScriptingObjects (0ms)
		CreateAndSetChildDomain (85ms)
	RebuildCommonClasses (44ms)
	RebuildNativeTypeToScriptingClass (14ms)
	initialDomainReloadingComplete (34ms)
	LoadAllAssembliesAndSetupDomain (634ms)
		LoadAssemblies (524ms)
		RebuildTransferFunctionScriptingTraits (0ms)
		AnalyzeDomain (280ms)
			TypeCache.Refresh (13ms)
				TypeCache.ScanAssembly (0ms)
			BuildScriptInfoCaches (252ms)
			ResolveRequiredComponents (12ms)
	FinalizeReload (1068ms)
		ReleaseScriptCaches (0ms)
		RebuildScriptCaches (0ms)
		SetupLoadedEditorAssemblies (841ms)
			LogAssemblyErrors (0ms)
			InitializePlatformSupportModulesInManaged (4ms)
			SetLoadedEditorAssemblies (3ms)
			BeforeProcessingInitializeOnLoad (140ms)
			ProcessInitializeOnLoadAttributes (598ms)
			ProcessInitializeOnLoadMethodAttributes (84ms)
			AfterProcessingInitializeOnLoad (11ms)
			EditorAssembliesLoaded (1ms)
		ExecutionOrderSort2 (0ms)
		AwakeInstancesAfterBackupRestoration (17ms)
Refreshing native plugins compatible for Editor in 4.30 ms, found 4 plugins.
Preloading 0 native plugins for Editor in 0.00 ms.
Unloading 13 Unused Serialized files (Serialized files now loaded: 0)
Unloading 6596 unused Assets / (5.7 MB). Loaded Objects now: 7435.
Memory consumption went from 158.2 MB to 152.5 MB.
Total: 20.137700 ms (FindLiveObjects: 1.260500 ms CreateObjectMapping: 1.839300 ms MarkObjects: 10.014300 ms  DeleteObjects: 7.021000 ms)

Prepare: number of updated asset objects reloaded= 0
========================================================================
Received Prepare
Refreshing native plugins compatible for Editor in 3.83 ms, found 4 plugins.
Preloading 0 native plugins for Editor in 0.00 ms.
Unloading 13 Unused Serialized files (Serialized files now loaded: 0)
Unloading 6585 unused Assets / (4.8 MB). Loaded Objects now: 7435.
Memory consumption went from 158.4 MB to 153.6 MB.
Total: 18.611900 ms (FindLiveObjects: 1.467300 ms CreateObjectMapping: 1.551800 ms MarkObjects: 10.200200 ms  DeleteObjects: 5.388700 ms)

Prepare: number of updated asset objects reloaded= 0
========================================================================
Received Prepare
Begin MonoManager ReloadAssembly
- Loaded All Assemblies, in  1.206 seconds
Refreshing native plugins compatible for Editor in 2.63 ms, found 4 plugins.
Native extension for WindowsStandalone target not found
Native extension for WebGL target not found
Mono: successfully reloaded assembly
- Finished resetting the current domain, in  1.820 seconds
Domain Reload Profiling: 3025ms
	BeginReloadAssembly (259ms)
		ExecutionOrderSort (0ms)
		DisableScriptedObjects (18ms)
		BackupInstance (0ms)
		ReleaseScriptingObjects (0ms)
		CreateAndSetChildDomain (64ms)
	RebuildCommonClasses (44ms)
	RebuildNativeTypeToScriptingClass (15ms)
	initialDomainReloadingComplete (38ms)
	LoadAllAssembliesAndSetupDomain (848ms)
		LoadAssemblies (667ms)
		RebuildTransferFunctionScriptingTraits (0ms)
		AnalyzeDomain (304ms)
			TypeCache.Refresh (20ms)
				TypeCache.ScanAssembly (1ms)
			BuildScriptInfoCaches (263ms)
			ResolveRequiredComponents (16ms)
	FinalizeReload (1821ms)
		ReleaseScriptCaches (0ms)
		RebuildScriptCaches (0ms)
		SetupLoadedEditorAssemblies (1328ms)
			LogAssemblyErrors (0ms)
			InitializePlatformSupportModulesInManaged (4ms)
			SetLoadedEditorAssemblies (3ms)
			BeforeProcessingInitializeOnLoad (431ms)
			ProcessInitializeOnLoadAttributes (814ms)
			ProcessInitializeOnLoadMethodAttributes (69ms)
			AfterProcessingInitializeOnLoad (7ms)
			EditorAssembliesLoaded (0ms)
		ExecutionOrderSort2 (0ms)
		AwakeInstancesAfterBackupRestoration (14ms)
Refreshing native plugins compatible for Editor in 3.63 ms, found 4 plugins.
Preloading 0 native plugins for Editor in 0.00 ms.
Unloading 13 Unused Serialized files (Serialized files now loaded: 0)
Unloading 6596 unused Assets / (5.4 MB). Loaded Objects now: 7437.
Memory consumption went from 158.2 MB to 152.8 MB.
Total: 16.436200 ms (FindLiveObjects: 1.094000 ms CreateObjectMapping: 1.498900 ms MarkObjects: 9.007500 ms  DeleteObjects: 4.832900 ms)

Prepare: number of updated asset objects reloaded= 0
========================================================================
Received Prepare
Refreshing native plugins compatible for Editor in 12.44 ms, found 4 plugins.
Preloading 0 native plugins for Editor in 0.00 ms.
Unloading 13 Unused Serialized files (Serialized files now loaded: 0)
Unloading 6585 unused Assets / (5.4 MB). Loaded Objects now: 7437.
Memory consumption went from 158.4 MB to 153.0 MB.
Total: 40.771700 ms (FindLiveObjects: 2.306200 ms CreateObjectMapping: 4.501000 ms MarkObjects: 25.552100 ms  DeleteObjects: 8.406900 ms)

Prepare: number of updated asset objects reloaded= 0
========================================================================
Received Prepare
Begin MonoManager ReloadAssembly
- Loaded All Assemblies, in  1.148 seconds
Refreshing native plugins compatible for Editor in 4.32 ms, found 4 plugins.
Native extension for WindowsStandalone target not found
Native extension for WebGL target not found
Mono: successfully reloaded assembly
- Finished resetting the current domain, in  1.206 seconds
Domain Reload Profiling: 2353ms
	BeginReloadAssembly (297ms)
		ExecutionOrderSort (0ms)
		DisableScriptedObjects (20ms)
		BackupInstance (0ms)
		ReleaseScriptingObjects (0ms)
		CreateAndSetChildDomain (72ms)
	RebuildCommonClasses (47ms)
	RebuildNativeTypeToScriptingClass (14ms)
	initialDomainReloadingComplete (40ms)
	LoadAllAssembliesAndSetupDomain (749ms)
		LoadAssemblies (599ms)
		RebuildTransferFunctionScriptingTraits (0ms)
		AnalyzeDomain (301ms)
			TypeCache.Refresh (17ms)
				TypeCache.ScanAssembly (1ms)
			BuildScriptInfoCaches (263ms)
			ResolveRequiredComponents (15ms)
	FinalizeReload (1207ms)
		ReleaseScriptCaches (0ms)
		RebuildScriptCaches (0ms)
		SetupLoadedEditorAssemblies (904ms)
			LogAssemblyErrors (0ms)
			InitializePlatformSupportModulesInManaged (6ms)
			SetLoadedEditorAssemblies (5ms)
			BeforeProcessingInitializeOnLoad (176ms)
			ProcessInitializeOnLoadAttributes (636ms)
			ProcessInitializeOnLoadMethodAttributes (74ms)
			AfterProcessingInitializeOnLoad (7ms)
			EditorAssembliesLoaded (0ms)
		ExecutionOrderSort2 (0ms)
		AwakeInstancesAfterBackupRestoration (16ms)
Refreshing native plugins compatible for Editor in 3.30 ms, found 4 plugins.
Preloading 0 native plugins for Editor in 0.00 ms.
Unloading 13 Unused Serialized files (Serialized files now loaded: 0)
Unloading 6596 unused Assets / (6.5 MB). Loaded Objects now: 7439.
Memory consumption went from 158.2 MB to 151.8 MB.
Total: 17.607800 ms (FindLiveObjects: 1.312000 ms CreateObjectMapping: 1.434600 ms MarkObjects: 7.600100 ms  DeleteObjects: 7.257500 ms)

Prepare: number of updated asset objects reloaded= 0
========================================================================
Received Prepare
Begin MonoManager ReloadAssembly
- Loaded All Assemblies, in  1.221 seconds
Refreshing native plugins compatible for Editor in 2.83 ms, found 4 plugins.
Native extension for WindowsStandalone target not found
Native extension for WebGL target not found
Mono: successfully reloaded assembly
- Finished resetting the current domain, in  1.786 seconds
Domain Reload Profiling: 3007ms
	BeginReloadAssembly (288ms)
		ExecutionOrderSort (0ms)
		DisableScriptedObjects (19ms)
		BackupInstance (0ms)
		ReleaseScriptingObjects (0ms)
		CreateAndSetChildDomain (73ms)
	RebuildCommonClasses (53ms)
	RebuildNativeTypeToScriptingClass (14ms)
	initialDomainReloadingComplete (36ms)
	LoadAllAssembliesAndSetupDomain (829ms)
		LoadAssemblies (661ms)
		RebuildTransferFunctionScriptingTraits (0ms)
		AnalyzeDomain (311ms)
			TypeCache.Refresh (13ms)
				TypeCache.ScanAssembly (0ms)
			BuildScriptInfoCaches (275ms)
			ResolveRequiredComponents (19ms)
	FinalizeReload (1787ms)
		ReleaseScriptCaches (0ms)
		RebuildScriptCaches (0ms)
		SetupLoadedEditorAssemblies (1285ms)
			LogAssemblyErrors (0ms)
			InitializePlatformSupportModulesInManaged (4ms)
			SetLoadedEditorAssemblies (3ms)
			BeforeProcessingInitializeOnLoad (245ms)
			ProcessInitializeOnLoadAttributes (941ms)
			ProcessInitializeOnLoadMethodAttributes (84ms)
			AfterProcessingInitializeOnLoad (8ms)
			EditorAssembliesLoaded (0ms)
		ExecutionOrderSort2 (0ms)
		AwakeInstancesAfterBackupRestoration (19ms)
Refreshing native plugins compatible for Editor in 3.10 ms, found 4 plugins.
Preloading 0 native plugins for Editor in 0.00 ms.
Unloading 13 Unused Serialized files (Serialized files now loaded: 0)
Unloading 6596 unused Assets / (5.9 MB). Loaded Objects now: 7441.
Memory consumption went from 158.2 MB to 152.4 MB.
Total: 16.137200 ms (FindLiveObjects: 1.056000 ms CreateObjectMapping: 1.536200 ms MarkObjects: 7.818300 ms  DeleteObjects: 5.723500 ms)

Prepare: number of updated asset objects reloaded= 0
========================================================================
Received Prepare
Refreshing native plugins compatible for Editor in 5.35 ms, found 4 plugins.
Preloading 0 native plugins for Editor in 0.00 ms.
Unloading 13 Unused Serialized files (Serialized files now loaded: 0)
Unloading 6585 unused Assets / (6.0 MB). Loaded Objects now: 7441.
Memory consumption went from 158.4 MB to 152.4 MB.
Total: 24.733200 ms (FindLiveObjects: 1.531200 ms CreateObjectMapping: 2.078400 ms MarkObjects: 11.685200 ms  DeleteObjects: 9.433000 ms)

Prepare: number of updated asset objects reloaded= 0
========================================================================
Received Prepare
Begin MonoManager ReloadAssembly
- Loaded All Assemblies, in  2.250 seconds
Refreshing native plugins compatible for Editor in 3.63 ms, found 4 plugins.
Native extension for WindowsStandalone target not found
Native extension for WebGL target not found
Mono: successfully reloaded assembly
- Finished resetting the current domain, in  1.396 seconds
Domain Reload Profiling: 3648ms
	BeginReloadAssembly (365ms)
		ExecutionOrderSort (0ms)
		DisableScriptedObjects (23ms)
		BackupInstance (0ms)
		ReleaseScriptingObjects (1ms)
		CreateAndSetChildDomain (92ms)
	RebuildCommonClasses (73ms)
	RebuildNativeTypeToScriptingClass (17ms)
	initialDomainReloadingComplete (45ms)
	LoadAllAssembliesAndSetupDomain (1752ms)
		LoadAssemblies (1611ms)
		RebuildTransferFunctionScriptingTraits (0ms)
		AnalyzeDomain (330ms)
			TypeCache.Refresh (18ms)
				TypeCache.ScanAssembly (2ms)
			BuildScriptInfoCaches (286ms)
			ResolveRequiredComponents (19ms)
	FinalizeReload (1397ms)
		ReleaseScriptCaches (0ms)
		RebuildScriptCaches (0ms)
		SetupLoadedEditorAssemblies (1067ms)
			LogAssemblyErrors (0ms)
			InitializePlatformSupportModulesInManaged (4ms)
			SetLoadedEditorAssemblies (4ms)
			BeforeProcessingInitializeOnLoad (176ms)
			ProcessInitializeOnLoadAttributes (790ms)
			ProcessInitializeOnLoadMethodAttributes (84ms)
			AfterProcessingInitializeOnLoad (8ms)
			EditorAssembliesLoaded (0ms)
		ExecutionOrderSort2 (0ms)
		AwakeInstancesAfterBackupRestoration (18ms)
Refreshing native plugins compatible for Editor in 2.80 ms, found 4 plugins.
Preloading 0 native plugins for Editor in 0.00 ms.
Unloading 13 Unused Serialized files (Serialized files now loaded: 0)
Unloading 6596 unused Assets / (6.3 MB). Loaded Objects now: 7443.
Memory consumption went from 158.2 MB to 151.9 MB.
Total: 16.656800 ms (FindLiveObjects: 1.000700 ms CreateObjectMapping: 0.657700 ms MarkObjects: 8.512300 ms  DeleteObjects: 6.484300 ms)

Prepare: number of updated asset objects reloaded= 0
========================================================================
Received Import Request.
  Time since last request: 2629.393644 seconds.
  path: Assets/Prefabs/Small Tile.prefab
  artifactKey: Guid(dae46c979c6111a4894e90495eeddbda) Importer(815301076,1909f56bfc062723c751e8b465ee728b)
Start importing Assets/Prefabs/Small Tile.prefab using Guid(dae46c979c6111a4894e90495eeddbda) Importer(815301076,1909f56bfc062723c751e8b465ee728b) (PreviewImporter) -> (artifact id: '492c97b0cba361b643158d0df2c934f5') in 6.6957447 seconds
Number of updated asset objects reloaded before import = 0Number of asset objects unloaded after import = 26

========================================================================
Received Prepare
Begin MonoManager ReloadAssembly
- Loaded All Assemblies, in  5.734 seconds
Refreshing native plugins compatible for Editor in 8.68 ms, found 4 plugins.
Native extension for WindowsStandalone target not found
Native extension for WebGL target not found
Mono: successfully reloaded assembly
- Finished resetting the current domain, in  1.687 seconds
Domain Reload Profiling: 7426ms
	BeginReloadAssembly (1104ms)
		ExecutionOrderSort (0ms)
		DisableScriptedObjects (118ms)
		BackupInstance (0ms)
		ReleaseScriptingObjects (2ms)
		CreateAndSetChildDomain (406ms)
	RebuildCommonClasses (166ms)
	RebuildNativeTypeToScriptingClass (14ms)
	initialDomainReloadingComplete (49ms)
	LoadAllAssembliesAndSetupDomain (4405ms)
		LoadAssemblies (4180ms)
		RebuildTransferFunctionScriptingTraits (0ms)
		AnalyzeDomain (681ms)
			TypeCache.Refresh (34ms)
				TypeCache.ScanAssembly (0ms)
			BuildScriptInfoCaches (607ms)
			ResolveRequiredComponents (25ms)
	FinalizeReload (1688ms)
		ReleaseScriptCaches (0ms)
		RebuildScriptCaches (0ms)
		SetupLoadedEditorAssemblies (1166ms)
			LogAssemblyErrors (0ms)
			InitializePlatformSupportModulesInManaged (7ms)
			SetLoadedEditorAssemblies (5ms)
			BeforeProcessingInitializeOnLoad (203ms)
			ProcessInitializeOnLoadAttributes (830ms)
			ProcessInitializeOnLoadMethodAttributes (114ms)
			AfterProcessingInitializeOnLoad (8ms)
			EditorAssembliesLoaded (1ms)
		ExecutionOrderSort2 (0ms)
		AwakeInstancesAfterBackupRestoration (21ms)
Refreshing native plugins compatible for Editor in 5.27 ms, found 4 plugins.
Preloading 0 native plugins for Editor in 0.00 ms.
Unloading 13 Unused Serialized files (Serialized files now loaded: 0)
Unloading 6596 unused Assets / (5.8 MB). Loaded Objects now: 7468.
Memory consumption went from 160.0 MB to 154.1 MB.
Total: 23.485600 ms (FindLiveObjects: 1.587400 ms CreateObjectMapping: 1.804300 ms MarkObjects: 10.755300 ms  DeleteObjects: 9.336600 ms)

Prepare: number of updated asset objects reloaded= 0
========================================================================
Received Prepare
Refreshing native plugins compatible for Editor in 4.51 ms, found 4 plugins.
Preloading 0 native plugins for Editor in 0.00 ms.
Unloading 13 Unused Serialized files (Serialized files now loaded: 0)
Unloading 6586 unused Assets / (4.9 MB). Loaded Objects now: 7469.
Memory consumption went from 159.9 MB to 155.0 MB.
Total: 20.103300 ms (FindLiveObjects: 1.443200 ms CreateObjectMapping: 1.877700 ms MarkObjects: 10.658700 ms  DeleteObjects: 6.120000 ms)

Prepare: number of updated asset objects reloaded= 0
========================================================================
Received Prepare
Begin MonoManager ReloadAssembly
- Loaded All Assemblies, in  1.501 seconds
Refreshing native plugins compatible for Editor in 3.29 ms, found 4 plugins.
Native extension for WindowsStandalone target not found
Native extension for WebGL target not found
Mono: successfully reloaded assembly
- Finished resetting the current domain, in  1.226 seconds
Domain Reload Profiling: 2727ms
	BeginReloadAssembly (367ms)
		ExecutionOrderSort (0ms)
		DisableScriptedObjects (29ms)
		BackupInstance (0ms)
		ReleaseScriptingObjects (0ms)
		CreateAndSetChildDomain (105ms)
	RebuildCommonClasses (58ms)
	RebuildNativeTypeToScriptingClass (15ms)
	initialDomainReloadingComplete (45ms)
	LoadAllAssembliesAndSetupDomain (1014ms)
		LoadAssemblies (759ms)
		RebuildTransferFunctionScriptingTraits (0ms)
		AnalyzeDomain (421ms)
			TypeCache.Refresh (27ms)
				TypeCache.ScanAssembly (1ms)
			BuildScriptInfoCaches (363ms)
			ResolveRequiredComponents (25ms)
	FinalizeReload (1227ms)
		ReleaseScriptCaches (0ms)
		RebuildScriptCaches (0ms)
		SetupLoadedEditorAssemblies (915ms)
			LogAssemblyErrors (0ms)
			InitializePlatformSupportModulesInManaged (4ms)
			SetLoadedEditorAssemblies (4ms)
			BeforeProcessingInitializeOnLoad (161ms)
			ProcessInitializeOnLoadAttributes (634ms)
			ProcessInitializeOnLoadMethodAttributes (104ms)
			AfterProcessingInitializeOnLoad (8ms)
			EditorAssembliesLoaded (1ms)
		ExecutionOrderSort2 (0ms)
		AwakeInstancesAfterBackupRestoration (21ms)
Refreshing native plugins compatible for Editor in 5.89 ms, found 4 plugins.
Preloading 0 native plugins for Editor in 0.00 ms.
Unloading 13 Unused Serialized files (Serialized files now loaded: 0)
Unloading 6597 unused Assets / (5.5 MB). Loaded Objects now: 7471.
Memory consumption went from 159.9 MB to 154.3 MB.
Total: 22.690400 ms (FindLiveObjects: 2.397600 ms CreateObjectMapping: 1.778300 ms MarkObjects: 8.732000 ms  DeleteObjects: 9.779600 ms)

Prepare: number of updated asset objects reloaded= 0
========================================================================
Received Prepare
Begin MonoManager ReloadAssembly
- Loaded All Assemblies, in  1.653 seconds
Refreshing native plugins compatible for Editor in 4.55 ms, found 4 plugins.
Native extension for WindowsStandalone target not found
Native extension for WebGL target not found
Mono: successfully reloaded assembly
- Finished resetting the current domain, in  1.301 seconds
Domain Reload Profiling: 2956ms
	BeginReloadAssembly (545ms)
		ExecutionOrderSort (0ms)
		DisableScriptedObjects (92ms)
		BackupInstance (0ms)
		ReleaseScriptingObjects (1ms)
		CreateAndSetChildDomain (171ms)
	RebuildCommonClasses (50ms)
	RebuildNativeTypeToScriptingClass (14ms)
	initialDomainReloadingComplete (41ms)
	LoadAllAssembliesAndSetupDomain (1005ms)
		LoadAssemblies (750ms)
		RebuildTransferFunctionScriptingTraits (0ms)
		AnalyzeDomain (420ms)
			TypeCache.Refresh (29ms)
				TypeCache.ScanAssembly (1ms)
			BuildScriptInfoCaches (357ms)
			ResolveRequiredComponents (18ms)
	FinalizeReload (1301ms)
		ReleaseScriptCaches (0ms)
		RebuildScriptCaches (0ms)
		SetupLoadedEditorAssemblies (984ms)
			LogAssemblyErrors (0ms)
			InitializePlatformSupportModulesInManaged (5ms)
			SetLoadedEditorAssemblies (4ms)
			BeforeProcessingInitializeOnLoad (163ms)
			ProcessInitializeOnLoadAttributes (707ms)
			ProcessInitializeOnLoadMethodAttributes (96ms)
			AfterProcessingInitializeOnLoad (7ms)
			EditorAssembliesLoaded (1ms)
		ExecutionOrderSort2 (0ms)
		AwakeInstancesAfterBackupRestoration (18ms)
Refreshing native plugins compatible for Editor in 4.61 ms, found 4 plugins.
Preloading 0 native plugins for Editor in 0.00 ms.
Unloading 13 Unused Serialized files (Serialized files now loaded: 0)
Unloading 6597 unused Assets / (6.8 MB). Loaded Objects now: 7473.
Memory consumption went from 159.9 MB to 153.1 MB.
Total: 28.306300 ms (FindLiveObjects: 2.225200 ms CreateObjectMapping: 1.882300 ms MarkObjects: 13.572200 ms  DeleteObjects: 10.617700 ms)

Prepare: number of updated asset objects reloaded= 0
========================================================================
Received Prepare
Refreshing native plugins compatible for Editor in 3.85 ms, found 4 plugins.
Preloading 0 native plugins for Editor in 0.00 ms.
Unloading 13 Unused Serialized files (Serialized files now loaded: 0)
Unloading 6586 unused Assets / (5.5 MB). Loaded Objects now: 7473.
Memory consumption went from 160.0 MB to 154.5 MB.
Total: 15.848400 ms (FindLiveObjects: 1.436900 ms CreateObjectMapping: 1.619700 ms MarkObjects: 8.282400 ms  DeleteObjects: 4.506100 ms)

Prepare: number of updated asset objects reloaded= 0
========================================================================
Received Prepare
Begin MonoManager ReloadAssembly
- Loaded All Assemblies, in  1.300 seconds
Refreshing native plugins compatible for Editor in 3.57 ms, found 4 plugins.
Native extension for WindowsStandalone target not found
Native extension for WebGL target not found
Mono: successfully reloaded assembly
- Finished resetting the current domain, in  1.202 seconds
Domain Reload Profiling: 2502ms
	BeginReloadAssembly (366ms)
		ExecutionOrderSort (0ms)
		DisableScriptedObjects (25ms)
		BackupInstance (0ms)
		ReleaseScriptingObjects (1ms)
		CreateAndSetChildDomain (88ms)
	RebuildCommonClasses (59ms)
	RebuildNativeTypeToScriptingClass (14ms)
	initialDomainReloadingComplete (43ms)
	LoadAllAssembliesAndSetupDomain (817ms)
		LoadAssemblies (700ms)
		RebuildTransferFunctionScriptingTraits (0ms)
		AnalyzeDomain (310ms)
			TypeCache.Refresh (16ms)
				TypeCache.ScanAssembly (1ms)
			BuildScriptInfoCaches (274ms)
			ResolveRequiredComponents (16ms)
	FinalizeReload (1203ms)
		ReleaseScriptCaches (0ms)
		RebuildScriptCaches (0ms)
		SetupLoadedEditorAssemblies (840ms)
			LogAssemblyErrors (0ms)
			InitializePlatformSupportModulesInManaged (6ms)
			SetLoadedEditorAssemblies (6ms)
			BeforeProcessingInitializeOnLoad (170ms)
			ProcessInitializeOnLoadAttributes (583ms)
			ProcessInitializeOnLoadMethodAttributes (67ms)
			AfterProcessingInitializeOnLoad (8ms)
			EditorAssembliesLoaded (0ms)
		ExecutionOrderSort2 (0ms)
		AwakeInstancesAfterBackupRestoration (18ms)
Refreshing native plugins compatible for Editor in 4.14 ms, found 4 plugins.
Preloading 0 native plugins for Editor in 0.00 ms.
Unloading 13 Unused Serialized files (Serialized files now loaded: 0)
Unloading 6597 unused Assets / (6.0 MB). Loaded Objects now: 7475.
Memory consumption went from 159.9 MB to 153.9 MB.
Total: 16.508300 ms (FindLiveObjects: 1.259900 ms CreateObjectMapping: 1.429600 ms MarkObjects: 7.036800 ms  DeleteObjects: 6.779300 ms)

Prepare: number of updated asset objects reloaded= 0
========================================================================
Received Prepare
Begin MonoManager ReloadAssembly
- Loaded All Assemblies, in  2.072 seconds
Refreshing native plugins compatible for Editor in 5.74 ms, found 4 plugins.
Native extension for WindowsStandalone target not found
Native extension for WebGL target not found
Mono: successfully reloaded assembly
- Finished resetting the current domain, in  1.213 seconds
Domain Reload Profiling: 3285ms
	BeginReloadAssembly (666ms)
		ExecutionOrderSort (0ms)
		DisableScriptedObjects (57ms)
		BackupInstance (0ms)
		ReleaseScriptingObjects (2ms)
		CreateAndSetChildDomain (219ms)
	RebuildCommonClasses (56ms)
	RebuildNativeTypeToScriptingClass (15ms)
	initialDomainReloadingComplete (49ms)
	LoadAllAssembliesAndSetupDomain (1285ms)
		LoadAssemblies (1180ms)
		RebuildTransferFunctionScriptingTraits (0ms)
		AnalyzeDomain (380ms)
			TypeCache.Refresh (18ms)
				TypeCache.ScanAssembly (1ms)
			BuildScriptInfoCaches (337ms)
			ResolveRequiredComponents (19ms)
	FinalizeReload (1214ms)
		ReleaseScriptCaches (0ms)
		RebuildScriptCaches (0ms)
		SetupLoadedEditorAssemblies (907ms)
			LogAssemblyErrors (0ms)
			InitializePlatformSupportModulesInManaged (4ms)
			SetLoadedEditorAssemblies (4ms)
			BeforeProcessingInitializeOnLoad (161ms)
			ProcessInitializeOnLoadAttributes (622ms)
			ProcessInitializeOnLoadMethodAttributes (108ms)
			AfterProcessingInitializeOnLoad (8ms)
			EditorAssembliesLoaded (0ms)
		ExecutionOrderSort2 (0ms)
		AwakeInstancesAfterBackupRestoration (26ms)
Refreshing native plugins compatible for Editor in 4.38 ms, found 4 plugins.
Preloading 0 native plugins for Editor in 0.00 ms.
Unloading 13 Unused Serialized files (Serialized files now loaded: 0)
Unloading 6597 unused Assets / (5.9 MB). Loaded Objects now: 7477.
Memory consumption went from 159.9 MB to 154.0 MB.
Total: 19.678800 ms (FindLiveObjects: 1.348300 ms CreateObjectMapping: 1.291000 ms MarkObjects: 9.124000 ms  DeleteObjects: 7.911800 ms)

Prepare: number of updated asset objects reloaded= 0
========================================================================
Received Prepare
Begin MonoManager ReloadAssembly
- Loaded All Assemblies, in  1.162 seconds
Refreshing native plugins compatible for Editor in 3.08 ms, found 4 plugins.
Native extension for WindowsStandalone target not found
Native extension for WebGL target not found
Mono: successfully reloaded assembly
- Finished resetting the current domain, in  1.065 seconds
Domain Reload Profiling: 2227ms
	BeginReloadAssembly (312ms)
		ExecutionOrderSort (0ms)
		DisableScriptedObjects (23ms)
		BackupInstance (0ms)
		ReleaseScriptingObjects (0ms)
		CreateAndSetChildDomain (75ms)
	RebuildCommonClasses (47ms)
	RebuildNativeTypeToScriptingClass (15ms)
	initialDomainReloadingComplete (40ms)
	LoadAllAssembliesAndSetupDomain (749ms)
		LoadAssemblies (612ms)
		RebuildTransferFunctionScriptingTraits (0ms)
		AnalyzeDomain (289ms)
			TypeCache.Refresh (17ms)
				TypeCache.ScanAssembly (1ms)
			BuildScriptInfoCaches (252ms)
			ResolveRequiredComponents (14ms)
	FinalizeReload (1065ms)
		ReleaseScriptCaches (0ms)
		RebuildScriptCaches (0ms)
		SetupLoadedEditorAssemblies (820ms)
			LogAssemblyErrors (0ms)
			InitializePlatformSupportModulesInManaged (4ms)
			SetLoadedEditorAssemblies (5ms)
			BeforeProcessingInitializeOnLoad (146ms)
			ProcessInitializeOnLoadAttributes (588ms)
			ProcessInitializeOnLoadMethodAttributes (70ms)
			AfterProcessingInitializeOnLoad (7ms)
			EditorAssembliesLoaded (0ms)
		ExecutionOrderSort2 (0ms)
		AwakeInstancesAfterBackupRestoration (15ms)
Refreshing native plugins compatible for Editor in 3.47 ms, found 4 plugins.
Preloading 0 native plugins for Editor in 0.00 ms.
Unloading 13 Unused Serialized files (Serialized files now loaded: 0)
Unloading 6597 unused Assets / (5.5 MB). Loaded Objects now: 7479.
Memory consumption went from 159.8 MB to 154.4 MB.
Total: 20.130800 ms (FindLiveObjects: 1.166000 ms CreateObjectMapping: 2.103700 ms MarkObjects: 9.577100 ms  DeleteObjects: 7.280500 ms)

Prepare: number of updated asset objects reloaded= 0
========================================================================
Received Prepare
Begin MonoManager ReloadAssembly
- Loaded All Assemblies, in  1.019 seconds
Refreshing native plugins compatible for Editor in 2.73 ms, found 4 plugins.
Native extension for WindowsStandalone target not found
Native extension for WebGL target not found
Mono: successfully reloaded assembly
- Finished resetting the current domain, in  1.093 seconds
Domain Reload Profiling: 2112ms
	BeginReloadAssembly (263ms)
		ExecutionOrderSort (0ms)
		DisableScriptedObjects (20ms)
		BackupInstance (0ms)
		ReleaseScriptingObjects (0ms)
		CreateAndSetChildDomain (65ms)
	RebuildCommonClasses (41ms)
	RebuildNativeTypeToScriptingClass (14ms)
	initialDomainReloadingComplete (42ms)
	LoadAllAssembliesAndSetupDomain (658ms)
		LoadAssemblies (533ms)
		RebuildTransferFunctionScriptingTraits (0ms)
		AnalyzeDomain (250ms)
			TypeCache.Refresh (12ms)
				TypeCache.ScanAssembly (1ms)
			BuildScriptInfoCaches (221ms)
			ResolveRequiredComponents (13ms)
	FinalizeReload (1094ms)
		ReleaseScriptCaches (0ms)
		RebuildScriptCaches (0ms)
		SetupLoadedEditorAssemblies (853ms)
			LogAssemblyErrors (0ms)
			InitializePlatformSupportModulesInManaged (4ms)
			SetLoadedEditorAssemblies (4ms)
			BeforeProcessingInitializeOnLoad (159ms)
			ProcessInitializeOnLoadAttributes (606ms)
			ProcessInitializeOnLoadMethodAttributes (73ms)
			AfterProcessingInitializeOnLoad (7ms)
			EditorAssembliesLoaded (0ms)
		ExecutionOrderSort2 (0ms)
		AwakeInstancesAfterBackupRestoration (14ms)
Refreshing native plugins compatible for Editor in 3.72 ms, found 4 plugins.
Preloading 0 native plugins for Editor in 0.00 ms.
Unloading 13 Unused Serialized files (Serialized files now loaded: 0)
Unloading 6597 unused Assets / (5.3 MB). Loaded Objects now: 7481.
Memory consumption went from 159.9 MB to 154.5 MB.
Total: 14.791300 ms (FindLiveObjects: 0.925800 ms CreateObjectMapping: 1.014800 ms MarkObjects: 6.755100 ms  DeleteObjects: 6.092300 ms)

Prepare: number of updated asset objects reloaded= 0
========================================================================
Received Prepare
Begin MonoManager ReloadAssembly
- Loaded All Assemblies, in  0.992 seconds
Refreshing native plugins compatible for Editor in 2.78 ms, found 4 plugins.
Native extension for WindowsStandalone target not found
Native extension for WebGL target not found
Mono: successfully reloaded assembly
- Finished resetting the current domain, in  1.096 seconds
Domain Reload Profiling: 2086ms
	BeginReloadAssembly (279ms)
		ExecutionOrderSort (0ms)
		DisableScriptedObjects (18ms)
		BackupInstance (0ms)
		ReleaseScriptingObjects (0ms)
		CreateAndSetChildDomain (75ms)
	RebuildCommonClasses (47ms)
	RebuildNativeTypeToScriptingClass (14ms)
	initialDomainReloadingComplete (37ms)
	LoadAllAssembliesAndSetupDomain (612ms)
		LoadAssemblies (492ms)
		RebuildTransferFunctionScriptingTraits (0ms)
		AnalyzeDomain (253ms)
			TypeCache.Refresh (13ms)
				TypeCache.ScanAssembly (1ms)
			BuildScriptInfoCaches (223ms)
			ResolveRequiredComponents (13ms)
	FinalizeReload (1097ms)
		ReleaseScriptCaches (0ms)
		RebuildScriptCaches (0ms)
		SetupLoadedEditorAssemblies (872ms)
			LogAssemblyErrors (0ms)
			InitializePlatformSupportModulesInManaged (4ms)
			SetLoadedEditorAssemblies (4ms)
			BeforeProcessingInitializeOnLoad (160ms)
			ProcessInitializeOnLoadAttributes (622ms)
			ProcessInitializeOnLoadMethodAttributes (75ms)
			AfterProcessingInitializeOnLoad (7ms)
			EditorAssembliesLoaded (0ms)
		ExecutionOrderSort2 (0ms)
		AwakeInstancesAfterBackupRestoration (15ms)
Refreshing native plugins compatible for Editor in 2.77 ms, found 4 plugins.
Preloading 0 native plugins for Editor in 0.00 ms.
Unloading 13 Unused Serialized files (Serialized files now loaded: 0)
Unloading 6597 unused Assets / (6.7 MB). Loaded Objects now: 7483.
Memory consumption went from 159.9 MB to 153.2 MB.
Total: 13.123700 ms (FindLiveObjects: 0.959400 ms CreateObjectMapping: 0.804200 ms MarkObjects: 5.986900 ms  DeleteObjects: 5.371200 ms)

Prepare: number of updated asset objects reloaded= 0
========================================================================
Received Prepare
Begin MonoManager ReloadAssembly
- Loaded All Assemblies, in  0.989 seconds
Refreshing native plugins compatible for Editor in 2.77 ms, found 4 plugins.
Native extension for WindowsStandalone target not found
Native extension for WebGL target not found
Mono: successfully reloaded assembly
- Finished resetting the current domain, in  1.224 seconds
Domain Reload Profiling: 2213ms
	BeginReloadAssembly (243ms)
		ExecutionOrderSort (0ms)
		DisableScriptedObjects (17ms)
		BackupInstance (0ms)
		ReleaseScriptingObjects (0ms)
		CreateAndSetChildDomain (59ms)
	RebuildCommonClasses (42ms)
	RebuildNativeTypeToScriptingClass (14ms)
	initialDomainReloadingComplete (39ms)
	LoadAllAssembliesAndSetupDomain (651ms)
		LoadAssemblies (490ms)
		RebuildTransferFunctionScriptingTraits (0ms)
		AnalyzeDomain (275ms)
			TypeCache.Refresh (12ms)
				TypeCache.ScanAssembly (0ms)
			BuildScriptInfoCaches (246ms)
			ResolveRequiredComponents (13ms)
	FinalizeReload (1225ms)
		ReleaseScriptCaches (0ms)
		RebuildScriptCaches (0ms)
		SetupLoadedEditorAssemblies (981ms)
			LogAssemblyErrors (0ms)
			InitializePlatformSupportModulesInManaged (3ms)
			SetLoadedEditorAssemblies (4ms)
			BeforeProcessingInitializeOnLoad (154ms)
			ProcessInitializeOnLoadAttributes (711ms)
			ProcessInitializeOnLoadMethodAttributes (100ms)
			AfterProcessingInitializeOnLoad (9ms)
			EditorAssembliesLoaded (0ms)
		ExecutionOrderSort2 (0ms)
		AwakeInstancesAfterBackupRestoration (19ms)
Refreshing native plugins compatible for Editor in 6.87 ms, found 4 plugins.
Preloading 0 native plugins for Editor in 0.00 ms.
Unloading 13 Unused Serialized files (Serialized files now loaded: 0)
Unloading 6597 unused Assets / (5.8 MB). Loaded Objects now: 7485.
Memory consumption went from 159.9 MB to 154.0 MB.
Total: 18.560100 ms (FindLiveObjects: 2.173700 ms CreateObjectMapping: 1.763600 ms MarkObjects: 8.201700 ms  DeleteObjects: 6.415700 ms)

Prepare: number of updated asset objects reloaded= 0
========================================================================
Received Prepare
Refreshing native plugins compatible for Editor in 8.41 ms, found 4 plugins.
Preloading 0 native plugins for Editor in 0.00 ms.
Unloading 13 Unused Serialized files (Serialized files now loaded: 0)
Unloading 6586 unused Assets / (6.2 MB). Loaded Objects now: 7485.
Memory consumption went from 160.0 MB to 153.8 MB.
Total: 24.196300 ms (FindLiveObjects: 3.141700 ms CreateObjectMapping: 3.424600 ms MarkObjects: 9.698200 ms  DeleteObjects: 7.929500 ms)

Prepare: number of updated asset objects reloaded= 0
========================================================================
Received Prepare
Begin MonoManager ReloadAssembly
- Loaded All Assemblies, in  1.076 seconds
Refreshing native plugins compatible for Editor in 2.94 ms, found 4 plugins.
Native extension for WindowsStandalone target not found
Native extension for WebGL target not found
Mono: successfully reloaded assembly
- Finished resetting the current domain, in  1.111 seconds
Domain Reload Profiling: 2185ms
	BeginReloadAssembly (296ms)
		ExecutionOrderSort (0ms)
		DisableScriptedObjects (25ms)
		BackupInstance (0ms)
		ReleaseScriptingObjects (0ms)
		CreateAndSetChildDomain (72ms)
	RebuildCommonClasses (46ms)
	RebuildNativeTypeToScriptingClass (15ms)
	initialDomainReloadingComplete (38ms)
	LoadAllAssembliesAndSetupDomain (678ms)
		LoadAssemblies (545ms)
		RebuildTransferFunctionScriptingTraits (0ms)
		AnalyzeDomain (264ms)
			TypeCache.Refresh (14ms)
				TypeCache.ScanAssembly (1ms)
			BuildScriptInfoCaches (231ms)
			ResolveRequiredComponents (14ms)
	FinalizeReload (1111ms)
		ReleaseScriptCaches (0ms)
		RebuildScriptCaches (0ms)
		SetupLoadedEditorAssemblies (867ms)
			LogAssemblyErrors (0ms)
			InitializePlatformSupportModulesInManaged (5ms)
			SetLoadedEditorAssemblies (5ms)
			BeforeProcessingInitializeOnLoad (160ms)
			ProcessInitializeOnLoadAttributes (620ms)
			ProcessInitializeOnLoadMethodAttributes (70ms)
			AfterProcessingInitializeOnLoad (7ms)
			EditorAssembliesLoaded (0ms)
		ExecutionOrderSort2 (0ms)
		AwakeInstancesAfterBackupRestoration (14ms)
Refreshing native plugins compatible for Editor in 2.74 ms, found 4 plugins.
Preloading 0 native plugins for Editor in 0.00 ms.
Unloading 13 Unused Serialized files (Serialized files now loaded: 0)
Unloading 6597 unused Assets / (6.1 MB). Loaded Objects now: 7487.
Memory consumption went from 159.9 MB to 153.8 MB.
Total: 12.854900 ms (FindLiveObjects: 0.887100 ms CreateObjectMapping: 0.808100 ms MarkObjects: 6.041600 ms  DeleteObjects: 5.115900 ms)

Prepare: number of updated asset objects reloaded= 0
========================================================================
Received Prepare
Begin MonoManager ReloadAssembly
- Loaded All Assemblies, in  1.019 seconds
Refreshing native plugins compatible for Editor in 2.93 ms, found 4 plugins.
Native extension for WindowsStandalone target not found
Native extension for WebGL target not found
Mono: successfully reloaded assembly
- Finished resetting the current domain, in  1.229 seconds
Domain Reload Profiling: 2247ms
	BeginReloadAssembly (288ms)
		ExecutionOrderSort (0ms)
		DisableScriptedObjects (20ms)
		BackupInstance (0ms)
		ReleaseScriptingObjects (0ms)
		CreateAndSetChildDomain (67ms)
	RebuildCommonClasses (58ms)
	RebuildNativeTypeToScriptingClass (16ms)
	initialDomainReloadingComplete (39ms)
	LoadAllAssembliesAndSetupDomain (616ms)
		LoadAssemblies (508ms)
		RebuildTransferFunctionScriptingTraits (0ms)
		AnalyzeDomain (254ms)
			TypeCache.Refresh (8ms)
				TypeCache.ScanAssembly (0ms)
			BuildScriptInfoCaches (229ms)
			ResolveRequiredComponents (14ms)
	FinalizeReload (1230ms)
		ReleaseScriptCaches (0ms)
		RebuildScriptCaches (0ms)
		SetupLoadedEditorAssemblies (980ms)
			LogAssemblyErrors (0ms)
			InitializePlatformSupportModulesInManaged (4ms)
			SetLoadedEditorAssemblies (4ms)
			BeforeProcessingInitializeOnLoad (168ms)
			ProcessInitializeOnLoadAttributes (707ms)
			ProcessInitializeOnLoadMethodAttributes (89ms)
			AfterProcessingInitializeOnLoad (8ms)
			EditorAssembliesLoaded (1ms)
		ExecutionOrderSort2 (0ms)
		AwakeInstancesAfterBackupRestoration (20ms)
Refreshing native plugins compatible for Editor in 3.34 ms, found 4 plugins.
Preloading 0 native plugins for Editor in 0.00 ms.
Unloading 13 Unused Serialized files (Serialized files now loaded: 0)
Unloading 6597 unused Assets / (5.5 MB). Loaded Objects now: 7489.
Memory consumption went from 159.9 MB to 154.4 MB.
Total: 17.859100 ms (FindLiveObjects: 1.012200 ms CreateObjectMapping: 1.116900 ms MarkObjects: 8.618400 ms  DeleteObjects: 7.109400 ms)

Prepare: number of updated asset objects reloaded= 0
========================================================================
Received Prepare
Refreshing native plugins compatible for Editor in 4.00 ms, found 4 plugins.
Preloading 0 native plugins for Editor in 0.00 ms.
Unloading 13 Unused Serialized files (Serialized files now loaded: 0)
Unloading 6586 unused Assets / (6.2 MB). Loaded Objects now: 7489.
Memory consumption went from 160.0 MB to 153.8 MB.
Total: 22.548700 ms (FindLiveObjects: 1.660200 ms CreateObjectMapping: 2.099100 ms MarkObjects: 10.432100 ms  DeleteObjects: 8.353400 ms)

Prepare: number of updated asset objects reloaded= 0
========================================================================
Received Prepare
Begin MonoManager ReloadAssembly
- Loaded All Assemblies, in  2.238 seconds
Refreshing native plugins compatible for Editor in 7.77 ms, found 4 plugins.
Native extension for WindowsStandalone target not found
Native extension for WebGL target not found
Mono: successfully reloaded assembly
- Finished resetting the current domain, in  2.534 seconds
Domain Reload Profiling: 4771ms
	BeginReloadAssembly (1133ms)
		ExecutionOrderSort (0ms)
		DisableScriptedObjects (16ms)
		BackupInstance (0ms)
		ReleaseScriptingObjects (0ms)
		CreateAndSetChildDomain (132ms)
	RebuildCommonClasses (53ms)
	RebuildNativeTypeToScriptingClass (14ms)
	initialDomainReloadingComplete (321ms)
	LoadAllAssembliesAndSetupDomain (715ms)
		LoadAssemblies (819ms)
		RebuildTransferFunctionScriptingTraits (0ms)
		AnalyzeDomain (306ms)
			TypeCache.Refresh (16ms)
				TypeCache.ScanAssembly (1ms)
			BuildScriptInfoCaches (271ms)
			ResolveRequiredComponents (15ms)
	FinalizeReload (2535ms)
		ReleaseScriptCaches (0ms)
		RebuildScriptCaches (0ms)
		SetupLoadedEditorAssemblies (2008ms)
			LogAssemblyErrors (0ms)
			InitializePlatformSupportModulesInManaged (8ms)
			SetLoadedEditorAssemblies (7ms)
			BeforeProcessingInitializeOnLoad (218ms)
			ProcessInitializeOnLoadAttributes (1647ms)
			ProcessInitializeOnLoadMethodAttributes (116ms)
			AfterProcessingInitializeOnLoad (11ms)
			EditorAssembliesLoaded (1ms)
		ExecutionOrderSort2 (0ms)
		AwakeInstancesAfterBackupRestoration (31ms)
Refreshing native plugins compatible for Editor in 6.01 ms, found 4 plugins.
Preloading 0 native plugins for Editor in 0.00 ms.
Unloading 13 Unused Serialized files (Serialized files now loaded: 0)
Unloading 6597 unused Assets / (7.5 MB). Loaded Objects now: 7491.
Memory consumption went from 159.9 MB to 152.4 MB.
Total: 36.690400 ms (FindLiveObjects: 2.314800 ms CreateObjectMapping: 3.482000 ms MarkObjects: 14.252000 ms  DeleteObjects: 16.637800 ms)

Prepare: number of updated asset objects reloaded= 0
========================================================================
Received Prepare
Begin MonoManager ReloadAssembly
- Loaded All Assemblies, in  3.587 seconds
Refreshing native plugins compatible for Editor in 3.45 ms, found 4 plugins.
Native extension for WindowsStandalone target not found
Native extension for WebGL target not found
Mono: successfully reloaded assembly
- Finished resetting the current domain, in  1.282 seconds
Domain Reload Profiling: 4871ms
	BeginReloadAssembly (1271ms)
		ExecutionOrderSort (0ms)
		DisableScriptedObjects (145ms)
		BackupInstance (0ms)
		ReleaseScriptingObjects (3ms)
		CreateAndSetChildDomain (524ms)
	RebuildCommonClasses (63ms)
	RebuildNativeTypeToScriptingClass (16ms)
	initialDomainReloadingComplete (93ms)
	LoadAllAssembliesAndSetupDomain (2146ms)
		LoadAssemblies (1976ms)
		RebuildTransferFunctionScriptingTraits (0ms)
		AnalyzeDomain (562ms)
			TypeCache.Refresh (61ms)
				TypeCache.ScanAssembly (4ms)
			BuildScriptInfoCaches (465ms)
			ResolveRequiredComponents (29ms)
	FinalizeReload (1282ms)
		ReleaseScriptCaches (0ms)
		RebuildScriptCaches (0ms)
		SetupLoadedEditorAssemblies (995ms)
			LogAssemblyErrors (0ms)
			InitializePlatformSupportModulesInManaged (4ms)
			SetLoadedEditorAssemblies (4ms)
			BeforeProcessingInitializeOnLoad (183ms)
			ProcessInitializeOnLoadAttributes (714ms)
			ProcessInitializeOnLoadMethodAttributes (82ms)
			AfterProcessingInitializeOnLoad (7ms)
			EditorAssembliesLoaded (0ms)
		ExecutionOrderSort2 (0ms)
		AwakeInstancesAfterBackupRestoration (15ms)
Refreshing native plugins compatible for Editor in 2.86 ms, found 4 plugins.
Preloading 0 native plugins for Editor in 0.00 ms.
Unloading 13 Unused Serialized files (Serialized files now loaded: 0)
Unloading 6597 unused Assets / (5.0 MB). Loaded Objects now: 7493.
Memory consumption went from 159.9 MB to 154.9 MB.
Total: 15.717800 ms (FindLiveObjects: 1.218700 ms CreateObjectMapping: 1.265600 ms MarkObjects: 8.890600 ms  DeleteObjects: 4.338700 ms)

Prepare: number of updated asset objects reloaded= 0
========================================================================
Received Prepare
Begin MonoManager ReloadAssembly
- Loaded All Assemblies, in  1.842 seconds
Refreshing native plugins compatible for Editor in 2.88 ms, found 4 plugins.
Native extension for WindowsStandalone target not found
Native extension for WebGL target not found
Mono: successfully reloaded assembly
- Finished resetting the current domain, in  1.191 seconds
Domain Reload Profiling: 3033ms
	BeginReloadAssembly (1078ms)
		ExecutionOrderSort (0ms)
		DisableScriptedObjects (20ms)
		BackupInstance (0ms)
		ReleaseScriptingObjects (0ms)
		CreateAndSetChildDomain (880ms)
	RebuildCommonClasses (54ms)
	RebuildNativeTypeToScriptingClass (15ms)
	initialDomainReloadingComplete (38ms)
	LoadAllAssembliesAndSetupDomain (656ms)
		LoadAssemblies (516ms)
		RebuildTransferFunctionScriptingTraits (0ms)
		AnalyzeDomain (265ms)
			TypeCache.Refresh (8ms)
				TypeCache.ScanAssembly (0ms)
			BuildScriptInfoCaches (237ms)
			ResolveRequiredComponents (14ms)
	FinalizeReload (1192ms)
		ReleaseScriptCaches (0ms)
		RebuildScriptCaches (0ms)
		SetupLoadedEditorAssemblies (938ms)
			LogAssemblyErrors (0ms)
			InitializePlatformSupportModulesInManaged (4ms)
			SetLoadedEditorAssemblies (4ms)
			BeforeProcessingInitializeOnLoad (159ms)
			ProcessInitializeOnLoadAttributes (676ms)
			ProcessInitializeOnLoadMethodAttributes (87ms)
			AfterProcessingInitializeOnLoad (8ms)
			EditorAssembliesLoaded (0ms)
		ExecutionOrderSort2 (0ms)
		AwakeInstancesAfterBackupRestoration (18ms)
Refreshing native plugins compatible for Editor in 6.16 ms, found 4 plugins.
Preloading 0 native plugins for Editor in 0.00 ms.
Unloading 13 Unused Serialized files (Serialized files now loaded: 0)
Unloading 6597 unused Assets / (6.3 MB). Loaded Objects now: 7495.
Memory consumption went from 159.8 MB to 153.5 MB.
Total: 23.546400 ms (FindLiveObjects: 1.674500 ms CreateObjectMapping: 2.032400 ms MarkObjects: 12.433600 ms  DeleteObjects: 7.402500 ms)

Prepare: number of updated asset objects reloaded= 0
========================================================================
Received Prepare
Refreshing native plugins compatible for Editor in 9.86 ms, found 4 plugins.
Preloading 0 native plugins for Editor in 0.00 ms.
Unloading 13 Unused Serialized files (Serialized files now loaded: 0)
Unloading 6586 unused Assets / (5.1 MB). Loaded Objects now: 7495.
Memory consumption went from 160.0 MB to 154.9 MB.
Total: 44.337500 ms (FindLiveObjects: 3.577300 ms CreateObjectMapping: 3.695500 ms MarkObjects: 24.602200 ms  DeleteObjects: 12.459600 ms)

Prepare: number of updated asset objects reloaded= 0
========================================================================
Received Prepare
Begin MonoManager ReloadAssembly
- Loaded All Assemblies, in  1.006 seconds
Refreshing native plugins compatible for Editor in 4.90 ms, found 4 plugins.
Native extension for WindowsStandalone target not found
Native extension for WebGL target not found
Mono: successfully reloaded assembly
- Finished resetting the current domain, in  1.635 seconds
Domain Reload Profiling: 2641ms
	BeginReloadAssembly (252ms)
		ExecutionOrderSort (0ms)
		DisableScriptedObjects (19ms)
		BackupInstance (0ms)
		ReleaseScriptingObjects (0ms)
		CreateAndSetChildDomain (64ms)
	RebuildCommonClasses (42ms)
	RebuildNativeTypeToScriptingClass (14ms)
	initialDomainReloadingComplete (34ms)
	LoadAllAssembliesAndSetupDomain (662ms)
		LoadAssemblies (504ms)
		RebuildTransferFunctionScriptingTraits (0ms)
		AnalyzeDomain (274ms)
			TypeCache.Refresh (15ms)
				TypeCache.ScanAssembly (1ms)
			BuildScriptInfoCaches (242ms)
			ResolveRequiredComponents (13ms)
	FinalizeReload (1637ms)
		ReleaseScriptCaches (0ms)
		RebuildScriptCaches (0ms)
		SetupLoadedEditorAssemblies (1302ms)
			LogAssemblyErrors (0ms)
			InitializePlatformSupportModulesInManaged (6ms)
			SetLoadedEditorAssemblies (5ms)
			BeforeProcessingInitializeOnLoad (169ms)
			ProcessInitializeOnLoadAttributes (968ms)
			ProcessInitializeOnLoadMethodAttributes (146ms)
			AfterProcessingInitializeOnLoad (8ms)
			EditorAssembliesLoaded (1ms)
		ExecutionOrderSort2 (0ms)
		AwakeInstancesAfterBackupRestoration (34ms)
Refreshing native plugins compatible for Editor in 4.93 ms, found 4 plugins.
Preloading 0 native plugins for Editor in 0.00 ms.
Unloading 13 Unused Serialized files (Serialized files now loaded: 0)
Unloading 6597 unused Assets / (5.2 MB). Loaded Objects now: 7497.
Memory consumption went from 159.9 MB to 154.7 MB.
Total: 25.852800 ms (FindLiveObjects: 2.762600 ms CreateObjectMapping: 2.442200 ms MarkObjects: 13.789300 ms  DeleteObjects: 6.854100 ms)

Prepare: number of updated asset objects reloaded= 0
========================================================================
Received Prepare
Begin MonoManager ReloadAssembly
- Loaded All Assemblies, in  0.978 seconds
Refreshing native plugins compatible for Editor in 2.97 ms, found 4 plugins.
Native extension for WindowsStandalone target not found
Native extension for WebGL target not found
Mono: successfully reloaded assembly
- Finished resetting the current domain, in  1.109 seconds
Domain Reload Profiling: 2085ms
	BeginReloadAssembly (248ms)
		ExecutionOrderSort (0ms)
		DisableScriptedObjects (19ms)
		BackupInstance (0ms)
		ReleaseScriptingObjects (0ms)
		CreateAndSetChildDomain (57ms)
	RebuildCommonClasses (42ms)
	RebuildNativeTypeToScriptingClass (13ms)
	initialDomainReloadingComplete (35ms)
	LoadAllAssembliesAndSetupDomain (638ms)
		LoadAssemblies (490ms)
		RebuildTransferFunctionScriptingTraits (0ms)
		AnalyzeDomain (268ms)
			TypeCache.Refresh (12ms)
				TypeCache.ScanAssembly (0ms)
			BuildScriptInfoCaches (240ms)
			ResolveRequiredComponents (13ms)
	FinalizeReload (1109ms)
		ReleaseScriptCaches (0ms)
		RebuildScriptCaches (0ms)
		SetupLoadedEditorAssemblies (884ms)
			LogAssemblyErrors (0ms)
			InitializePlatformSupportModulesInManaged (3ms)
			SetLoadedEditorAssemblies (3ms)
			BeforeProcessingInitializeOnLoad (159ms)
			ProcessInitializeOnLoadAttributes (627ms)
			ProcessInitializeOnLoadMethodAttributes (83ms)
			AfterProcessingInitializeOnLoad (8ms)
			EditorAssembliesLoaded (0ms)
		ExecutionOrderSort2 (0ms)
		AwakeInstancesAfterBackupRestoration (16ms)
Refreshing native plugins compatible for Editor in 4.76 ms, found 4 plugins.
Preloading 0 native plugins for Editor in 0.00 ms.
Unloading 13 Unused Serialized files (Serialized files now loaded: 0)
Unloading 6597 unused Assets / (4.9 MB). Loaded Objects now: 7499.
Memory consumption went from 159.9 MB to 155.0 MB.
Total: 17.859100 ms (FindLiveObjects: 1.512400 ms CreateObjectMapping: 1.839100 ms MarkObjects: 8.647600 ms  DeleteObjects: 5.857400 ms)

Prepare: number of updated asset objects reloaded= 0
========================================================================
Received Prepare
Refreshing native plugins compatible for Editor in 4.78 ms, found 4 plugins.
Preloading 0 native plugins for Editor in 0.00 ms.
Unloading 13 Unused Serialized files (Serialized files now loaded: 0)
Unloading 6586 unused Assets / (5.2 MB). Loaded Objects now: 7499.
Memory consumption went from 160.1 MB to 154.8 MB.
Total: 41.968500 ms (FindLiveObjects: 1.388200 ms CreateObjectMapping: 1.578900 ms MarkObjects: 31.720100 ms  DeleteObjects: 7.277000 ms)

Prepare: number of updated asset objects reloaded= 0
========================================================================
Received Prepare
Begin MonoManager ReloadAssembly
- Loaded All Assemblies, in  1.292 seconds
Refreshing native plugins compatible for Editor in 3.08 ms, found 4 plugins.
Native extension for WindowsStandalone target not found
Native extension for WebGL target not found
Mono: successfully reloaded assembly
- Finished resetting the current domain, in  1.076 seconds
Domain Reload Profiling: 2367ms
	BeginReloadAssembly (345ms)
		ExecutionOrderSort (0ms)
		DisableScriptedObjects (30ms)
		BackupInstance (0ms)
		ReleaseScriptingObjects (0ms)
		CreateAndSetChildDomain (113ms)
	RebuildCommonClasses (77ms)
	RebuildNativeTypeToScriptingClass (19ms)
	initialDomainReloadingComplete (61ms)
	LoadAllAssembliesAndSetupDomain (790ms)
		LoadAssemblies (600ms)
		RebuildTransferFunctionScriptingTraits (0ms)
		AnalyzeDomain (325ms)
			TypeCache.Refresh (18ms)
				TypeCache.ScanAssembly (2ms)
			BuildScriptInfoCaches (278ms)
			ResolveRequiredComponents (23ms)
	FinalizeReload (1076ms)
		ReleaseScriptCaches (0ms)
		RebuildScriptCaches (0ms)
		SetupLoadedEditorAssemblies (833ms)
			LogAssemblyErrors (0ms)
			InitializePlatformSupportModulesInManaged (4ms)
			SetLoadedEditorAssemblies (4ms)
			BeforeProcessingInitializeOnLoad (157ms)
			ProcessInitializeOnLoadAttributes (586ms)
			ProcessInitializeOnLoadMethodAttributes (74ms)
			AfterProcessingInitializeOnLoad (7ms)
			EditorAssembliesLoaded (0ms)
		ExecutionOrderSort2 (0ms)
		AwakeInstancesAfterBackupRestoration (14ms)
Refreshing native plugins compatible for Editor in 3.67 ms, found 4 plugins.
Preloading 0 native plugins for Editor in 0.00 ms.
Unloading 13 Unused Serialized files (Serialized files now loaded: 0)
Unloading 6597 unused Assets / (5.8 MB). Loaded Objects now: 7501.
Memory consumption went from 159.9 MB to 154.1 MB.
Total: 15.145500 ms (FindLiveObjects: 1.031600 ms CreateObjectMapping: 1.255900 ms MarkObjects: 6.794100 ms  DeleteObjects: 6.061800 ms)

Prepare: number of updated asset objects reloaded= 0
========================================================================
Received Prepare
Begin MonoManager ReloadAssembly
- Loaded All Assemblies, in  1.265 seconds
Refreshing native plugins compatible for Editor in 4.27 ms, found 4 plugins.
Native extension for WindowsStandalone target not found
Native extension for WebGL target not found
Mono: successfully reloaded assembly
- Finished resetting the current domain, in  1.292 seconds
Domain Reload Profiling: 2555ms
	BeginReloadAssembly (366ms)
		ExecutionOrderSort (0ms)
		DisableScriptedObjects (25ms)
		BackupInstance (0ms)
		ReleaseScriptingObjects (0ms)
		CreateAndSetChildDomain (87ms)
	RebuildCommonClasses (59ms)
	RebuildNativeTypeToScriptingClass (15ms)
	initialDomainReloadingComplete (41ms)
	LoadAllAssembliesAndSetupDomain (781ms)
		LoadAssemblies (693ms)
		RebuildTransferFunctionScriptingTraits (0ms)
		AnalyzeDomain (278ms)
			TypeCache.Refresh (8ms)
				TypeCache.ScanAssembly (0ms)
			BuildScriptInfoCaches (247ms)
			ResolveRequiredComponents (18ms)
	FinalizeReload (1292ms)
		ReleaseScriptCaches (0ms)
		RebuildScriptCaches (0ms)
		SetupLoadedEditorAssemblies (1013ms)
			LogAssemblyErrors (0ms)
			InitializePlatformSupportModulesInManaged (4ms)
			SetLoadedEditorAssemblies (5ms)
			BeforeProcessingInitializeOnLoad (176ms)
			ProcessInitializeOnLoadAttributes (725ms)
			ProcessInitializeOnLoadMethodAttributes (93ms)
			AfterProcessingInitializeOnLoad (8ms)
			EditorAssembliesLoaded (1ms)
		ExecutionOrderSort2 (0ms)
		AwakeInstancesAfterBackupRestoration (18ms)
Refreshing native plugins compatible for Editor in 5.15 ms, found 4 plugins.
Preloading 0 native plugins for Editor in 0.00 ms.
Unloading 13 Unused Serialized files (Serialized files now loaded: 0)
Unloading 6597 unused Assets / (5.5 MB). Loaded Objects now: 7503.
Memory consumption went from 159.9 MB to 154.4 MB.
Total: 20.167800 ms (FindLiveObjects: 1.689100 ms CreateObjectMapping: 2.008600 ms MarkObjects: 9.484700 ms  DeleteObjects: 6.982600 ms)

Prepare: number of updated asset objects reloaded= 0
========================================================================
Received Prepare
Refreshing native plugins compatible for Editor in 3.35 ms, found 4 plugins.
Preloading 0 native plugins for Editor in 0.00 ms.
Unloading 13 Unused Serialized files (Serialized files now loaded: 0)
Unloading 6586 unused Assets / (5.8 MB). Loaded Objects now: 7503.
Memory consumption went from 160.1 MB to 154.2 MB.
Total: 20.326700 ms (FindLiveObjects: 1.546500 ms CreateObjectMapping: 1.420900 ms MarkObjects: 8.733100 ms  DeleteObjects: 8.622400 ms)

Prepare: number of updated asset objects reloaded= 0
========================================================================
Received Prepare
Begin MonoManager ReloadAssembly
- Loaded All Assemblies, in  1.049 seconds
Refreshing native plugins compatible for Editor in 3.16 ms, found 4 plugins.
Native extension for WindowsStandalone target not found
Native extension for WebGL target not found
Mono: successfully reloaded assembly
- Finished resetting the current domain, in  1.084 seconds
Domain Reload Profiling: 2132ms
	BeginReloadAssembly (281ms)
		ExecutionOrderSort (0ms)
		DisableScriptedObjects (21ms)
		BackupInstance (0ms)
		ReleaseScriptingObjects (0ms)
		CreateAndSetChildDomain (66ms)
	RebuildCommonClasses (53ms)
	RebuildNativeTypeToScriptingClass (16ms)
	initialDomainReloadingComplete (35ms)
	LoadAllAssembliesAndSetupDomain (663ms)
		LoadAssemblies (514ms)
		RebuildTransferFunctionScriptingTraits (0ms)
		AnalyzeDomain (284ms)
			TypeCache.Refresh (15ms)
				TypeCache.ScanAssembly (1ms)
			BuildScriptInfoCaches (251ms)
			ResolveRequiredComponents (14ms)
	FinalizeReload (1085ms)
		ReleaseScriptCaches (0ms)
		RebuildScriptCaches (0ms)
		SetupLoadedEditorAssemblies (838ms)
			LogAssemblyErrors (0ms)
			InitializePlatformSupportModulesInManaged (4ms)
			SetLoadedEditorAssemblies (4ms)
			BeforeProcessingInitializeOnLoad (132ms)
			ProcessInitializeOnLoadAttributes (610ms)
			ProcessInitializeOnLoadMethodAttributes (80ms)
			AfterProcessingInitializeOnLoad (7ms)
			EditorAssembliesLoaded (0ms)
		ExecutionOrderSort2 (0ms)
		AwakeInstancesAfterBackupRestoration (15ms)
Refreshing native plugins compatible for Editor in 3.82 ms, found 4 plugins.
Preloading 0 native plugins for Editor in 0.00 ms.
Unloading 13 Unused Serialized files (Serialized files now loaded: 0)
Unloading 6597 unused Assets / (7.4 MB). Loaded Objects now: 7505.
Memory consumption went from 159.8 MB to 152.5 MB.
Total: 17.572400 ms (FindLiveObjects: 1.330500 ms CreateObjectMapping: 1.455600 ms MarkObjects: 6.852800 ms  DeleteObjects: 7.931000 ms)

Prepare: number of updated asset objects reloaded= 0
========================================================================
Received Prepare
Begin MonoManager ReloadAssembly
- Loaded All Assemblies, in  0.965 seconds
Refreshing native plugins compatible for Editor in 2.96 ms, found 4 plugins.
Native extension for WindowsStandalone target not found
Native extension for WebGL target not found
Mono: successfully reloaded assembly
- Finished resetting the current domain, in  1.156 seconds
Domain Reload Profiling: 2119ms
	BeginReloadAssembly (249ms)
		ExecutionOrderSort (0ms)
		DisableScriptedObjects (17ms)
		BackupInstance (0ms)
		ReleaseScriptingObjects (0ms)
		CreateAndSetChildDomain (62ms)
	RebuildCommonClasses (41ms)
	RebuildNativeTypeToScriptingClass (14ms)
	initialDomainReloadingComplete (35ms)
	LoadAllAssembliesAndSetupDomain (624ms)
		LoadAssemblies (465ms)
		RebuildTransferFunctionScriptingTraits (0ms)
		AnalyzeDomain (276ms)
			TypeCache.Refresh (9ms)
				TypeCache.ScanAssembly (0ms)
			BuildScriptInfoCaches (250ms)
			ResolveRequiredComponents (14ms)
	FinalizeReload (1156ms)
		ReleaseScriptCaches (0ms)
		RebuildScriptCaches (0ms)
		SetupLoadedEditorAssemblies (925ms)
			LogAssemblyErrors (0ms)
			InitializePlatformSupportModulesInManaged (4ms)
			SetLoadedEditorAssemblies (4ms)
			BeforeProcessingInitializeOnLoad (146ms)
			ProcessInitializeOnLoadAttributes (675ms)
			ProcessInitializeOnLoadMethodAttributes (88ms)
			AfterProcessingInitializeOnLoad (8ms)
			EditorAssembliesLoaded (0ms)
		ExecutionOrderSort2 (0ms)
		AwakeInstancesAfterBackupRestoration (17ms)
Refreshing native plugins compatible for Editor in 5.22 ms, found 4 plugins.
Preloading 0 native plugins for Editor in 0.00 ms.
Unloading 13 Unused Serialized files (Serialized files now loaded: 0)
Unloading 6597 unused Assets / (6.1 MB). Loaded Objects now: 7507.
Memory consumption went from 159.9 MB to 153.9 MB.
Total: 21.120800 ms (FindLiveObjects: 1.181100 ms CreateObjectMapping: 1.967900 ms MarkObjects: 9.923900 ms  DeleteObjects: 8.045400 ms)

Prepare: number of updated asset objects reloaded= 0
========================================================================
Received Prepare
Begin MonoManager ReloadAssembly
- Loaded All Assemblies, in  1.101 seconds
Refreshing native plugins compatible for Editor in 2.97 ms, found 4 plugins.
Native extension for WindowsStandalone target not found
Native extension for WebGL target not found
Mono: successfully reloaded assembly
- Finished resetting the current domain, in  1.229 seconds
Domain Reload Profiling: 2328ms
	BeginReloadAssembly (329ms)
		ExecutionOrderSort (0ms)
		DisableScriptedObjects (23ms)
		BackupInstance (0ms)
		ReleaseScriptingObjects (0ms)
		CreateAndSetChildDomain (69ms)
	RebuildCommonClasses (53ms)
	RebuildNativeTypeToScriptingClass (16ms)
	initialDomainReloadingComplete (41ms)
	LoadAllAssembliesAndSetupDomain (660ms)
		LoadAssemblies (541ms)
		RebuildTransferFunctionScriptingTraits (0ms)
		AnalyzeDomain (281ms)
			TypeCache.Refresh (8ms)
				TypeCache.ScanAssembly (0ms)
			BuildScriptInfoCaches (256ms)
			ResolveRequiredComponents (12ms)
	FinalizeReload (1229ms)
		ReleaseScriptCaches (0ms)
		RebuildScriptCaches (0ms)
		SetupLoadedEditorAssemblies (967ms)
			LogAssemblyErrors (0ms)
			InitializePlatformSupportModulesInManaged (4ms)
			SetLoadedEditorAssemblies (4ms)
			BeforeProcessingInitializeOnLoad (146ms)
			ProcessInitializeOnLoadAttributes (675ms)
			ProcessInitializeOnLoadMethodAttributes (127ms)
			AfterProcessingInitializeOnLoad (9ms)
			EditorAssembliesLoaded (1ms)
		ExecutionOrderSort2 (0ms)
		AwakeInstancesAfterBackupRestoration (27ms)
Refreshing native plugins compatible for Editor in 3.15 ms, found 4 plugins.
Preloading 0 native plugins for Editor in 0.00 ms.
Unloading 13 Unused Serialized files (Serialized files now loaded: 0)
Unloading 6597 unused Assets / (6.0 MB). Loaded Objects now: 7509.
Memory consumption went from 159.9 MB to 154.0 MB.
Total: 16.140400 ms (FindLiveObjects: 1.288600 ms CreateObjectMapping: 1.264900 ms MarkObjects: 7.388000 ms  DeleteObjects: 6.197100 ms)

Prepare: number of updated asset objects reloaded= 0
========================================================================
Received Prepare
Refreshing native plugins compatible for Editor in 4.50 ms, found 4 plugins.
Preloading 0 native plugins for Editor in 0.00 ms.
Unloading 13 Unused Serialized files (Serialized files now loaded: 0)
Unloading 6586 unused Assets / (6.4 MB). Loaded Objects now: 7509.
Memory consumption went from 160.1 MB to 153.7 MB.
Total: 21.086700 ms (FindLiveObjects: 1.493100 ms CreateObjectMapping: 1.843800 ms MarkObjects: 10.748000 ms  DeleteObjects: 6.999000 ms)

Prepare: number of updated asset objects reloaded= 0
========================================================================
Received Prepare
Begin MonoManager ReloadAssembly
- Loaded All Assemblies, in  1.056 seconds
Refreshing native plugins compatible for Editor in 2.87 ms, found 4 plugins.
Native extension for WindowsStandalone target not found
Native extension for WebGL target not found
Mono: successfully reloaded assembly
- Finished resetting the current domain, in  1.304 seconds
Domain Reload Profiling: 2359ms
	BeginReloadAssembly (290ms)
		ExecutionOrderSort (0ms)
		DisableScriptedObjects (18ms)
		BackupInstance (0ms)
		ReleaseScriptingObjects (0ms)
		CreateAndSetChildDomain (73ms)
	RebuildCommonClasses (48ms)
	RebuildNativeTypeToScriptingClass (14ms)
	initialDomainReloadingComplete (35ms)
	LoadAllAssembliesAndSetupDomain (668ms)
		LoadAssemblies (520ms)
		RebuildTransferFunctionScriptingTraits (0ms)
		AnalyzeDomain (289ms)
			TypeCache.Refresh (15ms)
				TypeCache.ScanAssembly (1ms)
			BuildScriptInfoCaches (254ms)
			ResolveRequiredComponents (15ms)
	FinalizeReload (1305ms)
		ReleaseScriptCaches (0ms)
		RebuildScriptCaches (0ms)
		SetupLoadedEditorAssemblies (1024ms)
			LogAssemblyErrors (0ms)
			InitializePlatformSupportModulesInManaged (4ms)
			SetLoadedEditorAssemblies (4ms)
			BeforeProcessingInitializeOnLoad (177ms)
			ProcessInitializeOnLoadAttributes (737ms)
			ProcessInitializeOnLoadMethodAttributes (92ms)
			AfterProcessingInitializeOnLoad (8ms)
			EditorAssembliesLoaded (0ms)
		ExecutionOrderSort2 (0ms)
		AwakeInstancesAfterBackupRestoration (19ms)
Refreshing native plugins compatible for Editor in 2.96 ms, found 4 plugins.
Preloading 0 native plugins for Editor in 0.00 ms.
Unloading 13 Unused Serialized files (Serialized files now loaded: 0)
Unloading 6597 unused Assets / (5.3 MB). Loaded Objects now: 7511.
Memory consumption went from 159.9 MB to 154.6 MB.
Total: 17.459000 ms (FindLiveObjects: 1.206200 ms CreateObjectMapping: 1.899700 ms MarkObjects: 7.556700 ms  DeleteObjects: 6.793300 ms)

Prepare: number of updated asset objects reloaded= 0
========================================================================
Received Prepare
Begin MonoManager ReloadAssembly
- Loaded All Assemblies, in  1.051 seconds
Refreshing native plugins compatible for Editor in 2.90 ms, found 4 plugins.
Native extension for WindowsStandalone target not found
Native extension for WebGL target not found
Mono: successfully reloaded assembly
- Finished resetting the current domain, in  1.142 seconds
Domain Reload Profiling: 2192ms
	BeginReloadAssembly (274ms)
		ExecutionOrderSort (0ms)
		DisableScriptedObjects (26ms)
		BackupInstance (0ms)
		ReleaseScriptingObjects (0ms)
		CreateAndSetChildDomain (73ms)
	RebuildCommonClasses (42ms)
	RebuildNativeTypeToScriptingClass (14ms)
	initialDomainReloadingComplete (35ms)
	LoadAllAssembliesAndSetupDomain (685ms)
		LoadAssemblies (527ms)
		RebuildTransferFunctionScriptingTraits (0ms)
		AnalyzeDomain (276ms)
			TypeCache.Refresh (11ms)
				TypeCache.ScanAssembly (0ms)
			BuildScriptInfoCaches (246ms)
			ResolveRequiredComponents (14ms)
	FinalizeReload (1142ms)
		ReleaseScriptCaches (0ms)
		RebuildScriptCaches (0ms)
		SetupLoadedEditorAssemblies (895ms)
			LogAssemblyErrors (0ms)
			InitializePlatformSupportModulesInManaged (4ms)
			SetLoadedEditorAssemblies (5ms)
			BeforeProcessingInitializeOnLoad (140ms)
			ProcessInitializeOnLoadAttributes (635ms)
			ProcessInitializeOnLoadMethodAttributes (102ms)
			AfterProcessingInitializeOnLoad (8ms)
			EditorAssembliesLoaded (1ms)
		ExecutionOrderSort2 (0ms)
		AwakeInstancesAfterBackupRestoration (20ms)
Refreshing native plugins compatible for Editor in 4.19 ms, found 4 plugins.
Preloading 0 native plugins for Editor in 0.00 ms.
Unloading 13 Unused Serialized files (Serialized files now loaded: 0)
Unloading 6597 unused Assets / (5.9 MB). Loaded Objects now: 7513.
Memory consumption went from 159.9 MB to 154.0 MB.
Total: 20.568100 ms (FindLiveObjects: 1.668900 ms CreateObjectMapping: 1.456200 ms MarkObjects: 10.258900 ms  DeleteObjects: 7.182200 ms)

Prepare: number of updated asset objects reloaded= 0
========================================================================
Received Prepare
Begin MonoManager ReloadAssembly
- Loaded All Assemblies, in  1.053 seconds
Refreshing native plugins compatible for Editor in 3.11 ms, found 4 plugins.
Native extension for WindowsStandalone target not found
Native extension for WebGL target not found
Mono: successfully reloaded assembly
- Finished resetting the current domain, in  1.233 seconds
Domain Reload Profiling: 2286ms
	BeginReloadAssembly (271ms)
		ExecutionOrderSort (0ms)
		DisableScriptedObjects (17ms)
		BackupInstance (0ms)
		ReleaseScriptingObjects (0ms)
		CreateAndSetChildDomain (63ms)
	RebuildCommonClasses (50ms)
	RebuildNativeTypeToScriptingClass (15ms)
	initialDomainReloadingComplete (38ms)
	LoadAllAssembliesAndSetupDomain (678ms)
		LoadAssemblies (542ms)
		RebuildTransferFunctionScriptingTraits (0ms)
		AnalyzeDomain (274ms)
			TypeCache.Refresh (9ms)
				TypeCache.ScanAssembly (0ms)
			BuildScriptInfoCaches (244ms)
			ResolveRequiredComponents (16ms)
	FinalizeReload (1234ms)
		ReleaseScriptCaches (0ms)
		RebuildScriptCaches (0ms)
		SetupLoadedEditorAssemblies (952ms)
			LogAssemblyErrors (0ms)
			InitializePlatformSupportModulesInManaged (4ms)
			SetLoadedEditorAssemblies (4ms)
			BeforeProcessingInitializeOnLoad (153ms)
			ProcessInitializeOnLoadAttributes (675ms)
			ProcessInitializeOnLoadMethodAttributes (109ms)
			AfterProcessingInitializeOnLoad (8ms)
			EditorAssembliesLoaded (0ms)
		ExecutionOrderSort2 (0ms)
		AwakeInstancesAfterBackupRestoration (22ms)
Refreshing native plugins compatible for Editor in 6.04 ms, found 4 plugins.
Preloading 0 native plugins for Editor in 0.00 ms.
Unloading 13 Unused Serialized files (Serialized files now loaded: 0)
Unloading 6597 unused Assets / (5.6 MB). Loaded Objects now: 7515.
Memory consumption went from 159.9 MB to 154.4 MB.
Total: 24.248500 ms (FindLiveObjects: 1.732800 ms CreateObjectMapping: 2.543600 ms MarkObjects: 10.676000 ms  DeleteObjects: 9.291200 ms)

Prepare: number of updated asset objects reloaded= 0
========================================================================
Received Prepare
Begin MonoManager ReloadAssembly
- Loaded All Assemblies, in  3.130 seconds
Refreshing native plugins compatible for Editor in 4.72 ms, found 4 plugins.
Native extension for WindowsStandalone target not found
Native extension for WebGL target not found
Mono: successfully reloaded assembly
- Finished resetting the current domain, in  1.518 seconds
Domain Reload Profiling: 4652ms
	BeginReloadAssembly (1224ms)
		ExecutionOrderSort (1ms)
		DisableScriptedObjects (265ms)
		BackupInstance (0ms)
		ReleaseScriptingObjects (2ms)
		CreateAndSetChildDomain (445ms)
	RebuildCommonClasses (61ms)
	RebuildNativeTypeToScriptingClass (14ms)
	initialDomainReloadingComplete (72ms)
	LoadAllAssembliesAndSetupDomain (1763ms)
		LoadAssemblies (1446ms)
		RebuildTransferFunctionScriptingTraits (0ms)
		AnalyzeDomain (621ms)
			TypeCache.Refresh (41ms)
				TypeCache.ScanAssembly (0ms)
			BuildScriptInfoCaches (546ms)
			ResolveRequiredComponents (25ms)
	FinalizeReload (1518ms)
		ReleaseScriptCaches (0ms)
		RebuildScriptCaches (0ms)
		SetupLoadedEditorAssemblies (1157ms)
			LogAssemblyErrors (0ms)
			InitializePlatformSupportModulesInManaged (6ms)
			SetLoadedEditorAssemblies (5ms)
			BeforeProcessingInitializeOnLoad (208ms)
			ProcessInitializeOnLoadAttributes (818ms)
			ProcessInitializeOnLoadMethodAttributes (112ms)
			AfterProcessingInitializeOnLoad (8ms)
			EditorAssembliesLoaded (1ms)
		ExecutionOrderSort2 (0ms)
		AwakeInstancesAfterBackupRestoration (23ms)
Refreshing native plugins compatible for Editor in 5.61 ms, found 4 plugins.
Preloading 0 native plugins for Editor in 0.00 ms.
Unloading 13 Unused Serialized files (Serialized files now loaded: 0)
Unloading 6597 unused Assets / (5.8 MB). Loaded Objects now: 7517.
Memory consumption went from 159.9 MB to 154.2 MB.
Total: 22.669900 ms (FindLiveObjects: 2.252500 ms CreateObjectMapping: 1.889300 ms MarkObjects: 9.285800 ms  DeleteObjects: 9.238000 ms)

Prepare: number of updated asset objects reloaded= 0
========================================================================
Received Prepare
Begin MonoManager ReloadAssembly
- Loaded All Assemblies, in  1.095 seconds
Refreshing native plugins compatible for Editor in 2.83 ms, found 4 plugins.
Native extension for WindowsStandalone target not found
Native extension for WebGL target not found
Mono: successfully reloaded assembly
- Finished resetting the current domain, in  1.286 seconds
Domain Reload Profiling: 2378ms
	BeginReloadAssembly (323ms)
		ExecutionOrderSort (0ms)
		DisableScriptedObjects (25ms)
		BackupInstance (0ms)
		ReleaseScriptingObjects (0ms)
		CreateAndSetChildDomain (62ms)
	RebuildCommonClasses (65ms)
	RebuildNativeTypeToScriptingClass (15ms)
	initialDomainReloadingComplete (36ms)
	LoadAllAssembliesAndSetupDomain (654ms)
		LoadAssemblies (552ms)
		RebuildTransferFunctionScriptingTraits (0ms)
		AnalyzeDomain (273ms)
			TypeCache.Refresh (8ms)
				TypeCache.ScanAssembly (0ms)
			BuildScriptInfoCaches (245ms)
			ResolveRequiredComponents (16ms)
	FinalizeReload (1287ms)
		ReleaseScriptCaches (0ms)
		RebuildScriptCaches (0ms)
		SetupLoadedEditorAssemblies (942ms)
			LogAssemblyErrors (0ms)
			InitializePlatformSupportModulesInManaged (4ms)
			SetLoadedEditorAssemblies (4ms)
			BeforeProcessingInitializeOnLoad (152ms)
			ProcessInitializeOnLoadAttributes (679ms)
			ProcessInitializeOnLoadMethodAttributes (95ms)
			AfterProcessingInitializeOnLoad (8ms)
			EditorAssembliesLoaded (1ms)
		ExecutionOrderSort2 (0ms)
		AwakeInstancesAfterBackupRestoration (19ms)
Refreshing native plugins compatible for Editor in 4.87 ms, found 4 plugins.
Preloading 0 native plugins for Editor in 0.00 ms.
Unloading 13 Unused Serialized files (Serialized files now loaded: 0)
Unloading 6597 unused Assets / (6.3 MB). Loaded Objects now: 7519.
Memory consumption went from 159.9 MB to 153.6 MB.
Total: 18.939000 ms (FindLiveObjects: 1.691200 ms CreateObjectMapping: 1.620000 ms MarkObjects: 8.417200 ms  DeleteObjects: 7.207900 ms)

Prepare: number of updated asset objects reloaded= 0
========================================================================
Received Prepare
Begin MonoManager ReloadAssembly
- Loaded All Assemblies, in  1.030 seconds
Refreshing native plugins compatible for Editor in 3.53 ms, found 4 plugins.
Native extension for WindowsStandalone target not found
Native extension for WebGL target not found
Mono: successfully reloaded assembly
- Finished resetting the current domain, in  1.189 seconds
Domain Reload Profiling: 2219ms
	BeginReloadAssembly (277ms)
		ExecutionOrderSort (0ms)
		DisableScriptedObjects (18ms)
		BackupInstance (0ms)
		ReleaseScriptingObjects (0ms)
		CreateAndSetChildDomain (70ms)
	RebuildCommonClasses (40ms)
	RebuildNativeTypeToScriptingClass (14ms)
	initialDomainReloadingComplete (35ms)
	LoadAllAssembliesAndSetupDomain (663ms)
		LoadAssemblies (506ms)
		RebuildTransferFunctionScriptingTraits (0ms)
		AnalyzeDomain (293ms)
			TypeCache.Refresh (13ms)
				TypeCache.ScanAssembly (0ms)
			BuildScriptInfoCaches (259ms)
			ResolveRequiredComponents (16ms)
	FinalizeReload (1190ms)
		ReleaseScriptCaches (0ms)
		RebuildScriptCaches (0ms)
		SetupLoadedEditorAssemblies (905ms)
			LogAssemblyErrors (0ms)
			InitializePlatformSupportModulesInManaged (7ms)
			SetLoadedEditorAssemblies (7ms)
			BeforeProcessingInitializeOnLoad (155ms)
			ProcessInitializeOnLoadAttributes (637ms)
			ProcessInitializeOnLoadMethodAttributes (91ms)
			AfterProcessingInitializeOnLoad (8ms)
			EditorAssembliesLoaded (0ms)
		ExecutionOrderSort2 (0ms)
		AwakeInstancesAfterBackupRestoration (17ms)
Refreshing native plugins compatible for Editor in 3.81 ms, found 4 plugins.
Preloading 0 native plugins for Editor in 0.00 ms.
Unloading 13 Unused Serialized files (Serialized files now loaded: 0)
Unloading 6597 unused Assets / (5.4 MB). Loaded Objects now: 7521.
Memory consumption went from 159.9 MB to 154.4 MB.
Total: 20.325000 ms (FindLiveObjects: 1.621500 ms CreateObjectMapping: 1.365300 ms MarkObjects: 10.504800 ms  DeleteObjects: 6.831100 ms)

Prepare: number of updated asset objects reloaded= 0
========================================================================
Received Prepare
Begin MonoManager ReloadAssembly
- Loaded All Assemblies, in  0.941 seconds
Refreshing native plugins compatible for Editor in 2.72 ms, found 4 plugins.
Native extension for WindowsStandalone target not found
Native extension for WebGL target not found
Mono: successfully reloaded assembly
- Finished resetting the current domain, in  1.073 seconds
Domain Reload Profiling: 2012ms
	BeginReloadAssembly (259ms)
		ExecutionOrderSort (0ms)
		DisableScriptedObjects (24ms)
		BackupInstance (0ms)
		ReleaseScriptingObjects (0ms)
		CreateAndSetChildDomain (68ms)
	RebuildCommonClasses (40ms)
	RebuildNativeTypeToScriptingClass (14ms)
	initialDomainReloadingComplete (34ms)
	LoadAllAssembliesAndSetupDomain (592ms)
		LoadAssemblies (465ms)
		RebuildTransferFunctionScriptingTraits (0ms)
		AnalyzeDomain (240ms)
			TypeCache.Refresh (9ms)
				TypeCache.ScanAssembly (0ms)
			BuildScriptInfoCaches (214ms)
			ResolveRequiredComponents (13ms)
	FinalizeReload (1073ms)
		ReleaseScriptCaches (0ms)
		RebuildScriptCaches (0ms)
		SetupLoadedEditorAssemblies (844ms)
			LogAssemblyErrors (0ms)
			InitializePlatformSupportModulesInManaged (4ms)
			SetLoadedEditorAssemblies (4ms)
			BeforeProcessingInitializeOnLoad (134ms)
			ProcessInitializeOnLoadAttributes (607ms)
			ProcessInitializeOnLoadMethodAttributes (88ms)
			AfterProcessingInitializeOnLoad (7ms)
			EditorAssembliesLoaded (0ms)
		ExecutionOrderSort2 (0ms)
		AwakeInstancesAfterBackupRestoration (17ms)
Refreshing native plugins compatible for Editor in 5.20 ms, found 4 plugins.
Preloading 0 native plugins for Editor in 0.00 ms.
Unloading 13 Unused Serialized files (Serialized files now loaded: 0)
Unloading 6597 unused Assets / (5.1 MB). Loaded Objects now: 7523.
Memory consumption went from 159.9 MB to 154.8 MB.
Total: 21.251100 ms (FindLiveObjects: 1.535400 ms CreateObjectMapping: 1.937900 ms MarkObjects: 10.067300 ms  DeleteObjects: 7.706700 ms)

Prepare: number of updated asset objects reloaded= 0
========================================================================
Received Prepare
Begin MonoManager ReloadAssembly
- Loaded All Assemblies, in  0.973 seconds
Refreshing native plugins compatible for Editor in 2.71 ms, found 4 plugins.
Native extension for WindowsStandalone target not found
Native extension for WebGL target not found
Mono: successfully reloaded assembly
- Finished resetting the current domain, in  1.115 seconds
Domain Reload Profiling: 2086ms
	BeginReloadAssembly (254ms)
		ExecutionOrderSort (0ms)
		DisableScriptedObjects (19ms)
		BackupInstance (0ms)
		ReleaseScriptingObjects (0ms)
		CreateAndSetChildDomain (69ms)
	RebuildCommonClasses (42ms)
	RebuildNativeTypeToScriptingClass (14ms)
	initialDomainReloadingComplete (35ms)
	LoadAllAssembliesAndSetupDomain (626ms)
		LoadAssemblies (479ms)
		RebuildTransferFunctionScriptingTraits (0ms)
		AnalyzeDomain (259ms)
			TypeCache.Refresh (10ms)
				TypeCache.ScanAssembly (0ms)
			BuildScriptInfoCaches (232ms)
			ResolveRequiredComponents (13ms)
	FinalizeReload (1115ms)
		ReleaseScriptCaches (0ms)
		RebuildScriptCaches (0ms)
		SetupLoadedEditorAssemblies (881ms)
			LogAssemblyErrors (0ms)
			InitializePlatformSupportModulesInManaged (4ms)
			SetLoadedEditorAssemblies (4ms)
			BeforeProcessingInitializeOnLoad (136ms)
			ProcessInitializeOnLoadAttributes (635ms)
			ProcessInitializeOnLoadMethodAttributes (92ms)
			AfterProcessingInitializeOnLoad (11ms)
			EditorAssembliesLoaded (0ms)
		ExecutionOrderSort2 (0ms)
		AwakeInstancesAfterBackupRestoration (17ms)
Refreshing native plugins compatible for Editor in 4.77 ms, found 4 plugins.
Preloading 0 native plugins for Editor in 0.00 ms.
Unloading 13 Unused Serialized files (Serialized files now loaded: 0)
Unloading 6597 unused Assets / (4.9 MB). Loaded Objects now: 7525.
Memory consumption went from 159.9 MB to 155.0 MB.
Total: 20.681300 ms (FindLiveObjects: 1.542000 ms CreateObjectMapping: 2.070700 ms MarkObjects: 10.656200 ms  DeleteObjects: 6.409500 ms)

Prepare: number of updated asset objects reloaded= 0
========================================================================
Received Prepare
Begin MonoManager ReloadAssembly
- Loaded All Assemblies, in  1.042 seconds
Refreshing native plugins compatible for Editor in 3.20 ms, found 4 plugins.
Native extension for WindowsStandalone target not found
Native extension for WebGL target not found
Mono: successfully reloaded assembly
- Finished resetting the current domain, in  2.971 seconds
Domain Reload Profiling: 4014ms
	BeginReloadAssembly (257ms)
		ExecutionOrderSort (0ms)
		DisableScriptedObjects (17ms)
		BackupInstance (0ms)
		ReleaseScriptingObjects (0ms)
		CreateAndSetChildDomain (79ms)
	RebuildCommonClasses (42ms)
	RebuildNativeTypeToScriptingClass (14ms)
	initialDomainReloadingComplete (45ms)
	LoadAllAssembliesAndSetupDomain (685ms)
		LoadAssemblies (484ms)
		RebuildTransferFunctionScriptingTraits (0ms)
		AnalyzeDomain (307ms)
			TypeCache.Refresh (15ms)
				TypeCache.ScanAssembly (0ms)
			BuildScriptInfoCaches (260ms)
			ResolveRequiredComponents (27ms)
	FinalizeReload (2972ms)
		ReleaseScriptCaches (0ms)
		RebuildScriptCaches (0ms)
		SetupLoadedEditorAssemblies (2690ms)
			LogAssemblyErrors (0ms)
			InitializePlatformSupportModulesInManaged (4ms)
			SetLoadedEditorAssemblies (4ms)
			BeforeProcessingInitializeOnLoad (714ms)
			ProcessInitializeOnLoadAttributes (1836ms)
			ProcessInitializeOnLoadMethodAttributes (122ms)
			AfterProcessingInitializeOnLoad (9ms)
			EditorAssembliesLoaded (1ms)
		ExecutionOrderSort2 (0ms)
		AwakeInstancesAfterBackupRestoration (23ms)
Refreshing native plugins compatible for Editor in 3.04 ms, found 4 plugins.
Preloading 0 native plugins for Editor in 0.00 ms.
Unloading 13 Unused Serialized files (Serialized files now loaded: 0)
Unloading 6597 unused Assets / (5.9 MB). Loaded Objects now: 7527.
Memory consumption went from 159.9 MB to 154.1 MB.
Total: 18.057600 ms (FindLiveObjects: 2.023000 ms CreateObjectMapping: 2.091200 ms MarkObjects: 7.670300 ms  DeleteObjects: 6.269700 ms)

Prepare: number of updated asset objects reloaded= 0
========================================================================
Received Prepare
Begin MonoManager ReloadAssembly
- Loaded All Assemblies, in  0.974 seconds
Refreshing native plugins compatible for Editor in 2.57 ms, found 4 plugins.
Native extension for WindowsStandalone target not found
Native extension for WebGL target not found
Mono: successfully reloaded assembly
- Finished resetting the current domain, in  1.137 seconds
Domain Reload Profiling: 2109ms
	BeginReloadAssembly (246ms)
		ExecutionOrderSort (0ms)
		DisableScriptedObjects (18ms)
		BackupInstance (0ms)
		ReleaseScriptingObjects (0ms)
		CreateAndSetChildDomain (63ms)
	RebuildCommonClasses (41ms)
	RebuildNativeTypeToScriptingClass (14ms)
	initialDomainReloadingComplete (35ms)
	LoadAllAssembliesAndSetupDomain (637ms)
		LoadAssemblies (491ms)
		RebuildTransferFunctionScriptingTraits (0ms)
		AnalyzeDomain (260ms)
			TypeCache.Refresh (10ms)
				TypeCache.ScanAssembly (0ms)
			BuildScriptInfoCaches (233ms)
			ResolveRequiredComponents (13ms)
	FinalizeReload (1138ms)
		ReleaseScriptCaches (0ms)
		RebuildScriptCaches (0ms)
		SetupLoadedEditorAssemblies (887ms)
			LogAssemblyErrors (0ms)
			InitializePlatformSupportModulesInManaged (4ms)
			SetLoadedEditorAssemblies (4ms)
			BeforeProcessingInitializeOnLoad (140ms)
			ProcessInitializeOnLoadAttributes (639ms)
			ProcessInitializeOnLoadMethodAttributes (93ms)
			AfterProcessingInitializeOnLoad (8ms)
			EditorAssembliesLoaded (0ms)
		ExecutionOrderSort2 (0ms)
		AwakeInstancesAfterBackupRestoration (21ms)
Refreshing native plugins compatible for Editor in 2.98 ms, found 4 plugins.
Preloading 0 native plugins for Editor in 0.00 ms.
Unloading 13 Unused Serialized files (Serialized files now loaded: 0)
Unloading 6597 unused Assets / (5.5 MB). Loaded Objects now: 7529.
Memory consumption went from 160.0 MB to 154.4 MB.
Total: 15.691400 ms (FindLiveObjects: 1.587200 ms CreateObjectMapping: 0.996600 ms MarkObjects: 7.221000 ms  DeleteObjects: 5.884300 ms)

Prepare: number of updated asset objects reloaded= 0
========================================================================
Received Prepare
Begin MonoManager ReloadAssembly
- Loaded All Assemblies, in  0.969 seconds
Refreshing native plugins compatible for Editor in 2.94 ms, found 4 plugins.
Native extension for WindowsStandalone target not found
Native extension for WebGL target not found
Mono: successfully reloaded assembly
- Finished resetting the current domain, in  1.058 seconds
Domain Reload Profiling: 2023ms
	BeginReloadAssembly (252ms)
		ExecutionOrderSort (0ms)
		DisableScriptedObjects (17ms)
		BackupInstance (0ms)
		ReleaseScriptingObjects (0ms)
		CreateAndSetChildDomain (63ms)
	RebuildCommonClasses (41ms)
	RebuildNativeTypeToScriptingClass (14ms)
	initialDomainReloadingComplete (41ms)
	LoadAllAssembliesAndSetupDomain (617ms)
		LoadAssemblies (487ms)
		RebuildTransferFunctionScriptingTraits (0ms)
		AnalyzeDomain (251ms)
			TypeCache.Refresh (9ms)
				TypeCache.ScanAssembly (0ms)
			BuildScriptInfoCaches (223ms)
			ResolveRequiredComponents (15ms)
	FinalizeReload (1059ms)
		ReleaseScriptCaches (0ms)
		RebuildScriptCaches (0ms)
		SetupLoadedEditorAssemblies (833ms)
			LogAssemblyErrors (0ms)
			InitializePlatformSupportModulesInManaged (3ms)
			SetLoadedEditorAssemblies (3ms)
			BeforeProcessingInitializeOnLoad (133ms)
			ProcessInitializeOnLoadAttributes (591ms)
			ProcessInitializeOnLoadMethodAttributes (93ms)
			AfterProcessingInitializeOnLoad (8ms)
			EditorAssembliesLoaded (0ms)
		ExecutionOrderSort2 (0ms)
		AwakeInstancesAfterBackupRestoration (16ms)
Refreshing native plugins compatible for Editor in 2.90 ms, found 4 plugins.
Preloading 0 native plugins for Editor in 0.00 ms.
Unloading 13 Unused Serialized files (Serialized files now loaded: 0)
Unloading 6597 unused Assets / (5.6 MB). Loaded Objects now: 7531.
Memory consumption went from 160.0 MB to 154.4 MB.
Total: 16.062300 ms (FindLiveObjects: 1.425800 ms CreateObjectMapping: 1.204800 ms MarkObjects: 7.165500 ms  DeleteObjects: 6.263400 ms)

Prepare: number of updated asset objects reloaded= 0
========================================================================
Received Prepare
Begin MonoManager ReloadAssembly
- Loaded All Assemblies, in  0.970 seconds
Refreshing native plugins compatible for Editor in 2.90 ms, found 4 plugins.
Native extension for WindowsStandalone target not found
Native extension for WebGL target not found
Mono: successfully reloaded assembly
- Finished resetting the current domain, in  1.081 seconds
Domain Reload Profiling: 2049ms
	BeginReloadAssembly (246ms)
		ExecutionOrderSort (0ms)
		DisableScriptedObjects (19ms)
		BackupInstance (0ms)
		ReleaseScriptingObjects (0ms)
		CreateAndSetChildDomain (63ms)
	RebuildCommonClasses (40ms)
	RebuildNativeTypeToScriptingClass (13ms)
	initialDomainReloadingComplete (36ms)
	LoadAllAssembliesAndSetupDomain (631ms)
		LoadAssemblies (482ms)
		RebuildTransferFunctionScriptingTraits (0ms)
		AnalyzeDomain (264ms)
			TypeCache.Refresh (11ms)
				TypeCache.ScanAssembly (0ms)
			BuildScriptInfoCaches (238ms)
			ResolveRequiredComponents (12ms)
	FinalizeReload (1082ms)
		ReleaseScriptCaches (0ms)
		RebuildScriptCaches (0ms)
		SetupLoadedEditorAssemblies (858ms)
			LogAssemblyErrors (0ms)
			InitializePlatformSupportModulesInManaged (3ms)
			SetLoadedEditorAssemblies (3ms)
			BeforeProcessingInitializeOnLoad (145ms)
			ProcessInitializeOnLoadAttributes (611ms)
			ProcessInitializeOnLoadMethodAttributes (87ms)
			AfterProcessingInitializeOnLoad (8ms)
			EditorAssembliesLoaded (0ms)
		ExecutionOrderSort2 (0ms)
		AwakeInstancesAfterBackupRestoration (17ms)
Refreshing native plugins compatible for Editor in 12.92 ms, found 4 plugins.
Preloading 0 native plugins for Editor in 0.00 ms.
Unloading 13 Unused Serialized files (Serialized files now loaded: 0)
Unloading 6597 unused Assets / (6.0 MB). Loaded Objects now: 7533.
Memory consumption went from 160.0 MB to 153.9 MB.
Total: 28.867300 ms (FindLiveObjects: 2.684100 ms CreateObjectMapping: 2.247900 ms MarkObjects: 11.688200 ms  DeleteObjects: 12.240900 ms)

Prepare: number of updated asset objects reloaded= 0
========================================================================
Received Prepare
Begin MonoManager ReloadAssembly
- Loaded All Assemblies, in  0.985 seconds
Refreshing native plugins compatible for Editor in 2.99 ms, found 4 plugins.
Native extension for WindowsStandalone target not found
Native extension for WebGL target not found
Mono: successfully reloaded assembly
- Finished resetting the current domain, in  1.160 seconds
Domain Reload Profiling: 2145ms
	BeginReloadAssembly (255ms)
		ExecutionOrderSort (0ms)
		DisableScriptedObjects (19ms)
		BackupInstance (0ms)
		ReleaseScriptingObjects (0ms)
		CreateAndSetChildDomain (68ms)
	RebuildCommonClasses (44ms)
	RebuildNativeTypeToScriptingClass (14ms)
	initialDomainReloadingComplete (36ms)
	LoadAllAssembliesAndSetupDomain (635ms)
		LoadAssemblies (478ms)
		RebuildTransferFunctionScriptingTraits (0ms)
		AnalyzeDomain (276ms)
			TypeCache.Refresh (9ms)
				TypeCache.ScanAssembly (0ms)
			BuildScriptInfoCaches (248ms)
			ResolveRequiredComponents (14ms)
	FinalizeReload (1160ms)
		ReleaseScriptCaches (0ms)
		RebuildScriptCaches (0ms)
		SetupLoadedEditorAssemblies (925ms)
			LogAssemblyErrors (0ms)
			InitializePlatformSupportModulesInManaged (3ms)
			SetLoadedEditorAssemblies (4ms)
			BeforeProcessingInitializeOnLoad (137ms)
			ProcessInitializeOnLoadAttributes (687ms)
			ProcessInitializeOnLoadMethodAttributes (86ms)
			AfterProcessingInitializeOnLoad (8ms)
			EditorAssembliesLoaded (1ms)
		ExecutionOrderSort2 (0ms)
		AwakeInstancesAfterBackupRestoration (18ms)
Refreshing native plugins compatible for Editor in 3.71 ms, found 4 plugins.
Preloading 0 native plugins for Editor in 0.00 ms.
Unloading 13 Unused Serialized files (Serialized files now loaded: 0)
Unloading 6597 unused Assets / (5.5 MB). Loaded Objects now: 7535.
Memory consumption went from 160.0 MB to 154.4 MB.
Total: 16.862400 ms (FindLiveObjects: 1.473300 ms CreateObjectMapping: 1.344700 ms MarkObjects: 7.484100 ms  DeleteObjects: 6.558500 ms)

Prepare: number of updated asset objects reloaded= 0
========================================================================
Received Prepare
Refreshing native plugins compatible for Editor in 6.81 ms, found 4 plugins.
Preloading 0 native plugins for Editor in 0.00 ms.
Unloading 13 Unused Serialized files (Serialized files now loaded: 0)
Unloading 6586 unused Assets / (5.8 MB). Loaded Objects now: 7535.
Memory consumption went from 160.1 MB to 154.3 MB.
Total: 33.507200 ms (FindLiveObjects: 2.660000 ms CreateObjectMapping: 3.260000 ms MarkObjects: 13.068300 ms  DeleteObjects: 14.515500 ms)

Prepare: number of updated asset objects reloaded= 0
========================================================================
Received Prepare
Begin MonoManager ReloadAssembly
- Loaded All Assemblies, in  1.831 seconds
Refreshing native plugins compatible for Editor in 5.68 ms, found 4 plugins.
Native extension for WindowsStandalone target not found
Native extension for WebGL target not found
Mono: successfully reloaded assembly
- Finished resetting the current domain, in  1.251 seconds
Domain Reload Profiling: 3085ms
	BeginReloadAssembly (503ms)
		ExecutionOrderSort (0ms)
		DisableScriptedObjects (43ms)
		BackupInstance (0ms)
		ReleaseScriptingObjects (0ms)
		CreateAndSetChildDomain (183ms)
	RebuildCommonClasses (53ms)
	RebuildNativeTypeToScriptingClass (15ms)
	initialDomainReloadingComplete (48ms)
	LoadAllAssembliesAndSetupDomain (1215ms)
		LoadAssemblies (914ms)
		RebuildTransferFunctionScriptingTraits (0ms)
		AnalyzeDomain (492ms)
			TypeCache.Refresh (47ms)
				TypeCache.ScanAssembly (2ms)
			BuildScriptInfoCaches (374ms)
			ResolveRequiredComponents (28ms)
	FinalizeReload (1252ms)
		ReleaseScriptCaches (0ms)
		RebuildScriptCaches (0ms)
		SetupLoadedEditorAssemblies (958ms)
			LogAssemblyErrors (0ms)
			InitializePlatformSupportModulesInManaged (4ms)
			SetLoadedEditorAssemblies (4ms)
			BeforeProcessingInitializeOnLoad (151ms)
			ProcessInitializeOnLoadAttributes (713ms)
			ProcessInitializeOnLoadMethodAttributes (76ms)
			AfterProcessingInitializeOnLoad (8ms)
			EditorAssembliesLoaded (1ms)
		ExecutionOrderSort2 (0ms)
		AwakeInstancesAfterBackupRestoration (18ms)
Refreshing native plugins compatible for Editor in 5.86 ms, found 4 plugins.
Preloading 0 native plugins for Editor in 0.00 ms.
Unloading 13 Unused Serialized files (Serialized files now loaded: 0)
Unloading 6597 unused Assets / (5.5 MB). Loaded Objects now: 7537.
Memory consumption went from 159.9 MB to 154.4 MB.
Total: 20.195300 ms (FindLiveObjects: 1.505500 ms CreateObjectMapping: 1.491300 ms MarkObjects: 11.265700 ms  DeleteObjects: 5.928800 ms)

Prepare: number of updated asset objects reloaded= 0
========================================================================
Received Prepare
Refreshing native plugins compatible for Editor in 6.88 ms, found 4 plugins.
Preloading 0 native plugins for Editor in 0.00 ms.
Unloading 13 Unused Serialized files (Serialized files now loaded: 0)
Unloading 6586 unused Assets / (5.4 MB). Loaded Objects now: 7537.
Memory consumption went from 160.0 MB to 154.7 MB.
Total: 29.806000 ms (FindLiveObjects: 2.259100 ms CreateObjectMapping: 3.260400 ms MarkObjects: 13.004300 ms  DeleteObjects: 11.277800 ms)

Prepare: number of updated asset objects reloaded= 0
========================================================================
Received Prepare
Begin MonoManager ReloadAssembly
- Loaded All Assemblies, in  2.790 seconds
Refreshing native plugins compatible for Editor in 3.00 ms, found 4 plugins.
Native extension for WindowsStandalone target not found
Native extension for WebGL target not found
Mono: successfully reloaded assembly
- Finished resetting the current domain, in  1.400 seconds
Domain Reload Profiling: 4190ms
	BeginReloadAssembly (708ms)
		ExecutionOrderSort (0ms)
		DisableScriptedObjects (54ms)
		BackupInstance (0ms)
		ReleaseScriptingObjects (1ms)
		CreateAndSetChildDomain (258ms)
	RebuildCommonClasses (68ms)
	RebuildNativeTypeToScriptingClass (16ms)
	initialDomainReloadingComplete (61ms)
	LoadAllAssembliesAndSetupDomain (1937ms)
		LoadAssemblies (1774ms)
		RebuildTransferFunctionScriptingTraits (0ms)
		AnalyzeDomain (472ms)
			TypeCache.Refresh (41ms)
				TypeCache.ScanAssembly (2ms)
			BuildScriptInfoCaches (387ms)
			ResolveRequiredComponents (21ms)
	FinalizeReload (1400ms)
		ReleaseScriptCaches (0ms)
		RebuildScriptCaches (0ms)
		SetupLoadedEditorAssemblies (1087ms)
			LogAssemblyErrors (0ms)
			InitializePlatformSupportModulesInManaged (5ms)
			SetLoadedEditorAssemblies (5ms)
			BeforeProcessingInitializeOnLoad (196ms)
			ProcessInitializeOnLoadAttributes (777ms)
			ProcessInitializeOnLoadMethodAttributes (95ms)
			AfterProcessingInitializeOnLoad (9ms)
			EditorAssembliesLoaded (1ms)
		ExecutionOrderSort2 (0ms)
		AwakeInstancesAfterBackupRestoration (21ms)
Refreshing native plugins compatible for Editor in 3.21 ms, found 4 plugins.
Preloading 0 native plugins for Editor in 0.00 ms.
Unloading 13 Unused Serialized files (Serialized files now loaded: 0)
Unloading 6597 unused Assets / (5.5 MB). Loaded Objects now: 7539.
Memory consumption went from 160.0 MB to 154.4 MB.
Total: 17.905600 ms (FindLiveObjects: 1.022100 ms CreateObjectMapping: 1.418200 ms MarkObjects: 9.125400 ms  DeleteObjects: 6.337500 ms)

Prepare: number of updated asset objects reloaded= 0
========================================================================
Received Prepare
Begin MonoManager ReloadAssembly
- Loaded All Assemblies, in  1.417 seconds
Refreshing native plugins compatible for Editor in 2.84 ms, found 4 plugins.
Native extension for WindowsStandalone target not found
Native extension for WebGL target not found
Mono: successfully reloaded assembly
- Finished resetting the current domain, in  3.255 seconds
Domain Reload Profiling: 4675ms
	BeginReloadAssembly (468ms)
		ExecutionOrderSort (0ms)
		DisableScriptedObjects (39ms)
		BackupInstance (0ms)
		ReleaseScriptingObjects (0ms)
		CreateAndSetChildDomain (109ms)
	RebuildCommonClasses (64ms)
	RebuildNativeTypeToScriptingClass (15ms)
	initialDomainReloadingComplete (47ms)
	LoadAllAssembliesAndSetupDomain (826ms)
		LoadAssemblies (707ms)
		RebuildTransferFunctionScriptingTraits (0ms)
		AnalyzeDomain (338ms)
			TypeCache.Refresh (11ms)
				TypeCache.ScanAssembly (0ms)
			BuildScriptInfoCaches (302ms)
			ResolveRequiredComponents (17ms)
	FinalizeReload (3256ms)
		ReleaseScriptCaches (0ms)
		RebuildScriptCaches (0ms)
		SetupLoadedEditorAssemblies (2930ms)
			LogAssemblyErrors (0ms)
			InitializePlatformSupportModulesInManaged (6ms)
			SetLoadedEditorAssemblies (4ms)
			BeforeProcessingInitializeOnLoad (266ms)
			ProcessInitializeOnLoadAttributes (1756ms)
			ProcessInitializeOnLoadMethodAttributes (893ms)
			AfterProcessingInitializeOnLoad (7ms)
			EditorAssembliesLoaded (0ms)
		ExecutionOrderSort2 (0ms)
		AwakeInstancesAfterBackupRestoration (14ms)
Refreshing native plugins compatible for Editor in 3.71 ms, found 4 plugins.
Preloading 0 native plugins for Editor in 0.00 ms.
Unloading 13 Unused Serialized files (Serialized files now loaded: 0)
Unloading 6597 unused Assets / (5.5 MB). Loaded Objects now: 7541.
Memory consumption went from 160.0 MB to 154.4 MB.
Total: 20.884800 ms (FindLiveObjects: 1.699900 ms CreateObjectMapping: 1.294700 ms MarkObjects: 12.196300 ms  DeleteObjects: 5.691300 ms)

Prepare: number of updated asset objects reloaded= 0
========================================================================
Received Prepare
Refreshing native plugins compatible for Editor in 3.36 ms, found 4 plugins.
Preloading 0 native plugins for Editor in 0.00 ms.
Unloading 13 Unused Serialized files (Serialized files now loaded: 0)
Unloading 6586 unused Assets / (6.7 MB). Loaded Objects now: 7541.
Memory consumption went from 160.1 MB to 153.5 MB.
Total: 15.825200 ms (FindLiveObjects: 1.036000 ms CreateObjectMapping: 1.399500 ms MarkObjects: 7.032100 ms  DeleteObjects: 6.355800 ms)

Prepare: number of updated asset objects reloaded= 0
========================================================================
Received Prepare
Refreshing native plugins compatible for Editor in 2.55 ms, found 4 plugins.
Preloading 0 native plugins for Editor in 0.00 ms.
Unloading 13 Unused Serialized files (Serialized files now loaded: 0)
Unloading 6586 unused Assets / (5.0 MB). Loaded Objects now: 7541.
Memory consumption went from 160.1 MB to 155.1 MB.
Total: 12.067800 ms (FindLiveObjects: 0.963400 ms CreateObjectMapping: 0.823600 ms MarkObjects: 6.356700 ms  DeleteObjects: 3.922100 ms)

Prepare: number of updated asset objects reloaded= 0
========================================================================
Received Prepare
Begin MonoManager ReloadAssembly
- Loaded All Assemblies, in  1.199 seconds
Refreshing native plugins compatible for Editor in 3.05 ms, found 4 plugins.
Native extension for WindowsStandalone target not found
Native extension for WebGL target not found
Mono: successfully reloaded assembly
- Finished resetting the current domain, in  1.129 seconds
Domain Reload Profiling: 2327ms
	BeginReloadAssembly (308ms)
		ExecutionOrderSort (0ms)
		DisableScriptedObjects (18ms)
		BackupInstance (0ms)
		ReleaseScriptingObjects (0ms)
		CreateAndSetChildDomain (73ms)
	RebuildCommonClasses (48ms)
	RebuildNativeTypeToScriptingClass (15ms)
	initialDomainReloadingComplete (39ms)
	LoadAllAssembliesAndSetupDomain (788ms)
		LoadAssemblies (625ms)
		RebuildTransferFunctionScriptingTraits (0ms)
		AnalyzeDomain (317ms)
			TypeCache.Refresh (24ms)
				TypeCache.ScanAssembly (1ms)
			BuildScriptInfoCaches (272ms)
			ResolveRequiredComponents (16ms)
	FinalizeReload (1129ms)
		ReleaseScriptCaches (0ms)
		RebuildScriptCaches (0ms)
		SetupLoadedEditorAssemblies (855ms)
			LogAssemblyErrors (0ms)
			InitializePlatformSupportModulesInManaged (5ms)
			SetLoadedEditorAssemblies (4ms)
			BeforeProcessingInitializeOnLoad (155ms)
			ProcessInitializeOnLoadAttributes (611ms)
			ProcessInitializeOnLoadMethodAttributes (72ms)
			AfterProcessingInitializeOnLoad (7ms)
			EditorAssembliesLoaded (0ms)
		ExecutionOrderSort2 (0ms)
		AwakeInstancesAfterBackupRestoration (16ms)
Refreshing native plugins compatible for Editor in 3.39 ms, found 4 plugins.
Preloading 0 native plugins for Editor in 0.00 ms.
Unloading 13 Unused Serialized files (Serialized files now loaded: 0)
Unloading 6597 unused Assets / (5.7 MB). Loaded Objects now: 7543.
Memory consumption went from 160.0 MB to 154.3 MB.
Total: 13.420200 ms (FindLiveObjects: 1.239100 ms CreateObjectMapping: 0.890600 ms MarkObjects: 6.354300 ms  DeleteObjects: 4.929400 ms)

Prepare: number of updated asset objects reloaded= 0
========================================================================
Received Prepare
Refreshing native plugins compatible for Editor in 5.14 ms, found 4 plugins.
Preloading 0 native plugins for Editor in 0.00 ms.
Unloading 13 Unused Serialized files (Serialized files now loaded: 0)
Unloading 6586 unused Assets / (6.1 MB). Loaded Objects now: 7543.
Memory consumption went from 160.1 MB to 154.0 MB.
Total: 23.703300 ms (FindLiveObjects: 1.402200 ms CreateObjectMapping: 1.547800 ms MarkObjects: 11.679900 ms  DeleteObjects: 9.070400 ms)

Prepare: number of updated asset objects reloaded= 0
========================================================================
Received Prepare
Refreshing native plugins compatible for Editor in 3.97 ms, found 4 plugins.
Preloading 0 native plugins for Editor in 0.00 ms.
Unloading 13 Unused Serialized files (Serialized files now loaded: 0)
Unloading 6586 unused Assets / (5.4 MB). Loaded Objects now: 7543.
Memory consumption went from 160.1 MB to 154.8 MB.
Total: 17.706600 ms (FindLiveObjects: 1.813900 ms CreateObjectMapping: 1.649700 ms MarkObjects: 7.702400 ms  DeleteObjects: 6.538700 ms)

Prepare: number of updated asset objects reloaded= 0
========================================================================
Received Prepare
Refreshing native plugins compatible for Editor in 3.16 ms, found 4 plugins.
Preloading 0 native plugins for Editor in 0.00 ms.
Unloading 13 Unused Serialized files (Serialized files now loaded: 0)
Unloading 6586 unused Assets / (5.2 MB). Loaded Objects now: 7543.
Memory consumption went from 160.1 MB to 155.0 MB.
Total: 15.225400 ms (FindLiveObjects: 1.439000 ms CreateObjectMapping: 1.320600 ms MarkObjects: 7.977300 ms  DeleteObjects: 4.486000 ms)

Prepare: number of updated asset objects reloaded= 0
========================================================================
Received Prepare
Refreshing native plugins compatible for Editor in 4.45 ms, found 4 plugins.
Preloading 0 native plugins for Editor in 0.00 ms.
Unloading 13 Unused Serialized files (Serialized files now loaded: 0)
Unloading 6586 unused Assets / (5.2 MB). Loaded Objects now: 7543.
Memory consumption went from 160.1 MB to 154.9 MB.
Total: 17.950800 ms (FindLiveObjects: 1.247300 ms CreateObjectMapping: 1.832700 ms MarkObjects: 8.417700 ms  DeleteObjects: 6.450500 ms)

Prepare: number of updated asset objects reloaded= 0
========================================================================
Received Prepare
Refreshing native plugins compatible for Editor in 3.10 ms, found 4 plugins.
Preloading 0 native plugins for Editor in 0.00 ms.
Unloading 13 Unused Serialized files (Serialized files now loaded: 0)
Unloading 6586 unused Assets / (5.3 MB). Loaded Objects now: 7543.
Memory consumption went from 160.1 MB to 154.8 MB.
Total: 13.574300 ms (FindLiveObjects: 1.165500 ms CreateObjectMapping: 1.344200 ms MarkObjects: 6.280100 ms  DeleteObjects: 4.782200 ms)

Prepare: number of updated asset objects reloaded= 0
========================================================================
Received Prepare
Refreshing native plugins compatible for Editor in 3.73 ms, found 4 plugins.
Preloading 0 native plugins for Editor in 0.00 ms.
Unloading 13 Unused Serialized files (Serialized files now loaded: 0)
Unloading 6586 unused Assets / (6.2 MB). Loaded Objects now: 7543.
Memory consumption went from 160.1 MB to 153.9 MB.
Total: 19.329400 ms (FindLiveObjects: 1.292700 ms CreateObjectMapping: 1.425400 ms MarkObjects: 9.187800 ms  DeleteObjects: 7.421500 ms)

Prepare: number of updated asset objects reloaded= 0
========================================================================
Received Prepare
Begin MonoManager ReloadAssembly
- Loaded All Assemblies, in  4.288 seconds
Refreshing native plugins compatible for Editor in 6.93 ms, found 4 plugins.
Native extension for WindowsStandalone target not found
Native extension for WebGL target not found
Mono: successfully reloaded assembly
- Finished resetting the current domain, in  1.590 seconds
Domain Reload Profiling: 5878ms
	BeginReloadAssembly (2151ms)
		ExecutionOrderSort (0ms)
		DisableScriptedObjects (424ms)
		BackupInstance (0ms)
		ReleaseScriptingObjects (1ms)
		CreateAndSetChildDomain (673ms)
	RebuildCommonClasses (83ms)
	RebuildNativeTypeToScriptingClass (16ms)
	initialDomainReloadingComplete (114ms)
	LoadAllAssembliesAndSetupDomain (1924ms)
		LoadAssemblies (2153ms)
		RebuildTransferFunctionScriptingTraits (0ms)
		AnalyzeDomain (488ms)
			TypeCache.Refresh (64ms)
				TypeCache.ScanAssembly (3ms)
			BuildScriptInfoCaches (379ms)
			ResolveRequiredComponents (28ms)
	FinalizeReload (1591ms)
		ReleaseScriptCaches (0ms)
		RebuildScriptCaches (0ms)
		SetupLoadedEditorAssemblies (1255ms)
			LogAssemblyErrors (0ms)
			InitializePlatformSupportModulesInManaged (7ms)
			SetLoadedEditorAssemblies (5ms)
			BeforeProcessingInitializeOnLoad (209ms)
			ProcessInitializeOnLoadAttributes (920ms)
			ProcessInitializeOnLoadMethodAttributes (103ms)
			AfterProcessingInitializeOnLoad (11ms)
			EditorAssembliesLoaded (1ms)
		ExecutionOrderSort2 (0ms)
		AwakeInstancesAfterBackupRestoration (15ms)
Refreshing native plugins compatible for Editor in 3.73 ms, found 4 plugins.
Preloading 0 native plugins for Editor in 0.00 ms.
Unloading 13 Unused Serialized files (Serialized files now loaded: 0)
Unloading 6597 unused Assets / (5.9 MB). Loaded Objects now: 7545.
Memory consumption went from 160.0 MB to 154.1 MB.
Total: 17.402400 ms (FindLiveObjects: 1.589300 ms CreateObjectMapping: 1.607300 ms MarkObjects: 7.601700 ms  DeleteObjects: 6.600700 ms)

Prepare: number of updated asset objects reloaded= 0
========================================================================
Received Prepare
Begin MonoManager ReloadAssembly
- Loaded All Assemblies, in  1.149 seconds
Refreshing native plugins compatible for Editor in 3.20 ms, found 4 plugins.
Native extension for WindowsStandalone target not found
Native extension for WebGL target not found
Mono: successfully reloaded assembly
- Finished resetting the current domain, in  1.144 seconds
Domain Reload Profiling: 2291ms
	BeginReloadAssembly (268ms)
		ExecutionOrderSort (0ms)
		DisableScriptedObjects (18ms)
		BackupInstance (0ms)
		ReleaseScriptingObjects (0ms)
		CreateAndSetChildDomain (70ms)
	RebuildCommonClasses (47ms)
	RebuildNativeTypeToScriptingClass (14ms)
	initialDomainReloadingComplete (38ms)
	LoadAllAssembliesAndSetupDomain (779ms)
		LoadAssemblies (624ms)
		RebuildTransferFunctionScriptingTraits (0ms)
		AnalyzeDomain (282ms)
			TypeCache.Refresh (11ms)
				TypeCache.ScanAssembly (0ms)
			BuildScriptInfoCaches (254ms)
			ResolveRequiredComponents (14ms)
	FinalizeReload (1145ms)
		ReleaseScriptCaches (0ms)
		RebuildScriptCaches (0ms)
		SetupLoadedEditorAssemblies (894ms)
			LogAssemblyErrors (0ms)
			InitializePlatformSupportModulesInManaged (4ms)
			SetLoadedEditorAssemblies (4ms)
			BeforeProcessingInitializeOnLoad (147ms)
			ProcessInitializeOnLoadAttributes (644ms)
			ProcessInitializeOnLoadMethodAttributes (87ms)
			AfterProcessingInitializeOnLoad (8ms)
			EditorAssembliesLoaded (1ms)
		ExecutionOrderSort2 (0ms)
		AwakeInstancesAfterBackupRestoration (17ms)
Refreshing native plugins compatible for Editor in 2.88 ms, found 4 plugins.
Preloading 0 native plugins for Editor in 0.00 ms.
Unloading 13 Unused Serialized files (Serialized files now loaded: 0)
Unloading 6597 unused Assets / (5.6 MB). Loaded Objects now: 7547.
Memory consumption went from 159.9 MB to 154.3 MB.
Total: 16.340700 ms (FindLiveObjects: 1.327200 ms CreateObjectMapping: 1.294300 ms MarkObjects: 7.332200 ms  DeleteObjects: 6.385400 ms)

Prepare: number of updated asset objects reloaded= 0
========================================================================
Received Prepare
Begin MonoManager ReloadAssembly
- Loaded All Assemblies, in  1.056 seconds
Refreshing native plugins compatible for Editor in 2.64 ms, found 4 plugins.
Native extension for WindowsStandalone target not found
Native extension for WebGL target not found
Mono: successfully reloaded assembly
- Finished resetting the current domain, in  1.187 seconds
Domain Reload Profiling: 2242ms
	BeginReloadAssembly (291ms)
		ExecutionOrderSort (0ms)
		DisableScriptedObjects (19ms)
		BackupInstance (0ms)
		ReleaseScriptingObjects (0ms)
		CreateAndSetChildDomain (78ms)
	RebuildCommonClasses (60ms)
	RebuildNativeTypeToScriptingClass (18ms)
	initialDomainReloadingComplete (35ms)
	LoadAllAssembliesAndSetupDomain (652ms)
		LoadAssemblies (510ms)
		RebuildTransferFunctionScriptingTraits (0ms)
		AnalyzeDomain (280ms)
			TypeCache.Refresh (9ms)
				TypeCache.ScanAssembly (0ms)
			BuildScriptInfoCaches (250ms)
			ResolveRequiredComponents (16ms)
	FinalizeReload (1187ms)
		ReleaseScriptCaches (0ms)
		RebuildScriptCaches (0ms)
		SetupLoadedEditorAssemblies (934ms)
			LogAssemblyErrors (0ms)
			InitializePlatformSupportModulesInManaged (4ms)
			SetLoadedEditorAssemblies (4ms)
			BeforeProcessingInitializeOnLoad (142ms)
			ProcessInitializeOnLoadAttributes (685ms)
			ProcessInitializeOnLoadMethodAttributes (90ms)
			AfterProcessingInitializeOnLoad (8ms)
			EditorAssembliesLoaded (1ms)
		ExecutionOrderSort2 (0ms)
		AwakeInstancesAfterBackupRestoration (19ms)
Refreshing native plugins compatible for Editor in 3.50 ms, found 4 plugins.
Preloading 0 native plugins for Editor in 0.00 ms.
Unloading 13 Unused Serialized files (Serialized files now loaded: 0)
Unloading 6597 unused Assets / (5.3 MB). Loaded Objects now: 7549.
Memory consumption went from 160.0 MB to 154.7 MB.
Total: 19.628900 ms (FindLiveObjects: 1.852200 ms CreateObjectMapping: 2.456300 ms MarkObjects: 9.020800 ms  DeleteObjects: 6.295600 ms)

Prepare: number of updated asset objects reloaded= 0
========================================================================
Received Prepare
Refreshing native plugins compatible for Editor in 5.58 ms, found 4 plugins.
Preloading 0 native plugins for Editor in 0.00 ms.
Unloading 13 Unused Serialized files (Serialized files now loaded: 0)
Unloading 6586 unused Assets / (4.8 MB). Loaded Objects now: 7549.
Memory consumption went from 160.1 MB to 155.4 MB.
Total: 74.594400 ms (FindLiveObjects: 2.250900 ms CreateObjectMapping: 2.409400 ms MarkObjects: 66.151500 ms  DeleteObjects: 3.778800 ms)

Prepare: number of updated asset objects reloaded= 0
========================================================================
Received Prepare
Begin MonoManager ReloadAssembly
- Loaded All Assemblies, in  1.622 seconds
Refreshing native plugins compatible for Editor in 3.19 ms, found 4 plugins.
Native extension for WindowsStandalone target not found
Native extension for WebGL target not found
Mono: successfully reloaded assembly
- Finished resetting the current domain, in  1.256 seconds
Domain Reload Profiling: 2878ms
	BeginReloadAssembly (518ms)
		ExecutionOrderSort (0ms)
		DisableScriptedObjects (48ms)
		BackupInstance (0ms)
		ReleaseScriptingObjects (0ms)
		CreateAndSetChildDomain (160ms)
	RebuildCommonClasses (54ms)
	RebuildNativeTypeToScriptingClass (17ms)
	initialDomainReloadingComplete (48ms)
	LoadAllAssembliesAndSetupDomain (984ms)
		LoadAssemblies (822ms)
		RebuildTransferFunctionScriptingTraits (0ms)
		AnalyzeDomain (390ms)
			TypeCache.Refresh (29ms)
				TypeCache.ScanAssembly (2ms)
			BuildScriptInfoCaches (311ms)
			ResolveRequiredComponents (28ms)
	FinalizeReload (1257ms)
		ReleaseScriptCaches (0ms)
		RebuildScriptCaches (0ms)
		SetupLoadedEditorAssemblies (912ms)
			LogAssemblyErrors (0ms)
			InitializePlatformSupportModulesInManaged (6ms)
			SetLoadedEditorAssemblies (5ms)
			BeforeProcessingInitializeOnLoad (184ms)
			ProcessInitializeOnLoadAttributes (630ms)
			ProcessInitializeOnLoadMethodAttributes (78ms)
			AfterProcessingInitializeOnLoad (7ms)
			EditorAssembliesLoaded (0ms)
		ExecutionOrderSort2 (0ms)
		AwakeInstancesAfterBackupRestoration (16ms)
Refreshing native plugins compatible for Editor in 3.87 ms, found 4 plugins.
Preloading 0 native plugins for Editor in 0.00 ms.
Unloading 13 Unused Serialized files (Serialized files now loaded: 0)
Unloading 6597 unused Assets / (5.9 MB). Loaded Objects now: 7551.
Memory consumption went from 160.0 MB to 154.0 MB.
Total: 13.926500 ms (FindLiveObjects: 1.021200 ms CreateObjectMapping: 1.142300 ms MarkObjects: 6.292600 ms  DeleteObjects: 5.468200 ms)

Prepare: number of updated asset objects reloaded= 0
========================================================================
Received Prepare
Begin MonoManager ReloadAssembly
- Loaded All Assemblies, in  1.098 seconds
Refreshing native plugins compatible for Editor in 2.79 ms, found 4 plugins.
Native extension for WindowsStandalone target not found
Native extension for WebGL target not found
Mono: successfully reloaded assembly
- Finished resetting the current domain, in  1.224 seconds
Domain Reload Profiling: 2321ms
	BeginReloadAssembly (292ms)
		ExecutionOrderSort (0ms)
		DisableScriptedObjects (21ms)
		BackupInstance (0ms)
		ReleaseScriptingObjects (0ms)
		CreateAndSetChildDomain (64ms)
	RebuildCommonClasses (51ms)
	RebuildNativeTypeToScriptingClass (14ms)
	initialDomainReloadingComplete (43ms)
	LoadAllAssembliesAndSetupDomain (696ms)
		LoadAssemblies (555ms)
		RebuildTransferFunctionScriptingTraits (0ms)
		AnalyzeDomain (287ms)
			TypeCache.Refresh (8ms)
				TypeCache.ScanAssembly (0ms)
			BuildScriptInfoCaches (257ms)
			ResolveRequiredComponents (17ms)
	FinalizeReload (1225ms)
		ReleaseScriptCaches (0ms)
		RebuildScriptCaches (0ms)
		SetupLoadedEditorAssemblies (956ms)
			LogAssemblyErrors (0ms)
			InitializePlatformSupportModulesInManaged (5ms)
			SetLoadedEditorAssemblies (3ms)
			BeforeProcessingInitializeOnLoad (162ms)
			ProcessInitializeOnLoadAttributes (683ms)
			ProcessInitializeOnLoadMethodAttributes (93ms)
			AfterProcessingInitializeOnLoad (10ms)
			EditorAssembliesLoaded (1ms)
		ExecutionOrderSort2 (0ms)
		AwakeInstancesAfterBackupRestoration (22ms)
Refreshing native plugins compatible for Editor in 3.92 ms, found 4 plugins.
Preloading 0 native plugins for Editor in 0.00 ms.
Unloading 13 Unused Serialized files (Serialized files now loaded: 0)
Unloading 6597 unused Assets / (6.0 MB). Loaded Objects now: 7553.
Memory consumption went from 160.0 MB to 154.0 MB.
Total: 20.990900 ms (FindLiveObjects: 1.357400 ms CreateObjectMapping: 1.916200 ms MarkObjects: 11.559800 ms  DeleteObjects: 6.155400 ms)

Prepare: number of updated asset objects reloaded= 0
