Using pre-set license
Built from '6000.0/staging' branch; Version is '6000.0.31f1 (a206c360e2a8) revision 10618563'; Using compiler version '193933523'; Build Type 'Release'
OS: 'Windows 11  (10.0.26100) 64bit CoreSingleLanguage' Language: 'en' Physical Memory: 16091 MB
BatchMode: 1, IsHumanControllingUs: 0, StartBugReporterOnCrash: 0, Is64bit: 1, IsPro: 1

COMMAND LINE ARGUMENTS:
D:\Downloads\6000.0.31f1\Editor\Unity.exe
-adb2
-batchMode
-noUpm
-name
AssetImportWorker0
-projectPath
D:/UNITY PROJECTS/Starknet_Hackathon
-logFile
Logs/AssetImportWorker0.log
-srvPort
52415
-job-worker-count
7
-background-job-worker-count
8
-gc-helper-count
1
Successfully changed project path to: D:/UNITY PROJECTS/Starknet_Hackathon
D:/UNITY PROJECTS/Starknet_Hackathon
[UnityMemory] Configuration Parameters - Can be set up in boot.config
    "memorysetup-bucket-allocator-granularity=16"
    "memorysetup-bucket-allocator-bucket-count=8"
    "memorysetup-bucket-allocator-block-size=33554432"
    "memorysetup-bucket-allocator-block-count=8"
    "memorysetup-main-allocator-block-size=16777216"
    "memorysetup-thread-allocator-block-size=16777216"
    "memorysetup-gfx-main-allocator-block-size=16777216"
    "memorysetup-gfx-thread-allocator-block-size=16777216"
    "memorysetup-cache-allocator-block-size=4194304"
    "memorysetup-typetree-allocator-block-size=2097152"
    "memorysetup-profiler-bucket-allocator-granularity=16"
    "memorysetup-profiler-bucket-allocator-bucket-count=8"
    "memorysetup-profiler-bucket-allocator-block-size=33554432"
    "memorysetup-profiler-bucket-allocator-block-count=8"
    "memorysetup-profiler-allocator-block-size=16777216"
    "memorysetup-profiler-editor-allocator-block-size=1048576"
    "memorysetup-temp-allocator-size-main=16777216"
    "memorysetup-job-temp-allocator-block-size=2097152"
    "memorysetup-job-temp-allocator-block-size-background=1048576"
    "memorysetup-job-temp-allocator-reduction-small-platforms=262144"
    "memorysetup-allocator-temp-initial-block-size-main=262144"
    "memorysetup-allocator-temp-initial-block-size-worker=262144"
    "memorysetup-temp-allocator-size-background-worker=32768"
    "memorysetup-temp-allocator-size-job-worker=262144"
    "memorysetup-temp-allocator-size-preload-manager=33554432"
    "memorysetup-temp-allocator-size-nav-mesh-worker=65536"
    "memorysetup-temp-allocator-size-audio-worker=65536"
    "memorysetup-temp-allocator-size-cloud-worker=32768"
    "memorysetup-temp-allocator-size-gi-baking-worker=262144"
    "memorysetup-temp-allocator-size-gi-baking-worker=262144"
    "memorysetup-temp-allocator-size-gi-baking-worker=262144"
    "memorysetup-temp-allocator-size-gi-baking-worker=262144"
    "memorysetup-temp-allocator-size-gi-baking-worker=262144"
    "memorysetup-temp-allocator-size-gfx=262144"
Player connection [28088]  Target information:

Player connection [28088]  * "[IP] 172.28.240.1 [Port] 0 [Flags] 2 [Guid] 3580032765 [EditorId] 3580032765 [Version] 1048832 [Id] WindowsEditor(7,LenovoSupreme) [Debug] 1 [PackageName] WindowsEditor [ProjectName] Editor" 

Player connection [28088]  * "[IP] 192.168.1.6 [Port] 0 [Flags] 2 [Guid] 3580032765 [EditorId] 3580032765 [Version] 1048832 [Id] WindowsEditor(7,LenovoSupreme) [Debug] 1 [PackageName] WindowsEditor [ProjectName] Editor" 

Player connection [28088] Host joined multi-casting on [225.0.0.222:54997]...
Player connection [28088] Host joined alternative multi-casting on [225.0.0.222:34997]...
JobSystem: Creating JobQueue using job-worker-count value 7
[Physics::Module] Initialized fallback backend.
[Physics::Module] Id: 0xdecafbad
Library Redirect Path: Library/
[Physics::Module] Selected backend.
[Physics::Module] Name: PhysX
[Physics::Module] Id: 0xf2b8ea05
[Physics::Module] SDK Version: 4.1.2
[Physics::Module] Integration Version: 1.0.0
[Physics::Module] Threading Mode: Multi-Threaded
Refreshing native plugins compatible for Editor in 2.23 ms, found 4 plugins.
Preloading 0 native plugins for Editor in 0.00 ms.
Initialize engine version: 6000.0.31f1 (a206c360e2a8)
[Subsystems] Discovering subsystems at path D:/Downloads/6000.0.31f1/Editor/Data/Resources/UnitySubsystems
[Subsystems] Discovering subsystems at path D:/UNITY PROJECTS/Starknet_Hackathon/Assets
GfxDevice: creating device client; kGfxThreadingModeNonThreaded
Direct3D:
    Version:  Direct3D 11.0 [level 11.1]
    Renderer: Intel(R) UHD Graphics (ID=0xa78b)
    Vendor:   Intel
    VRAM:     8045 MB
    Driver:   32.0.101.6733
Initialize mono
Mono path[0] = 'D:/Downloads/6000.0.31f1/Editor/Data/Managed'
Mono path[1] = 'D:/Downloads/6000.0.31f1/Editor/Data/MonoBleedingEdge/lib/mono/unityjit-win32'
Mono config path = 'D:/Downloads/6000.0.31f1/Editor/Data/MonoBleedingEdge/etc'
Using monoOptions --debugger-agent=transport=dt_socket,embedding=1,server=y,suspend=n,address=127.0.0.1:56748
Begin MonoManager ReloadAssembly
Registering precompiled unity dll's ...
Register platform support module: D:/Downloads/6000.0.31f1/Editor/Data/PlaybackEngines/WebGLSupport/UnityEditor.WebGL.Extensions.dll
Register platform support module: D:/Downloads/6000.0.31f1/Editor/Data/PlaybackEngines/WindowsStandaloneSupport/UnityEditor.WindowsStandalone.Extensions.dll
Registered in 0.003274 seconds.
- Loaded All Assemblies, in  0.513 seconds
Native extension for WindowsStandalone target not found
Native extension for WebGL target not found
Mono: successfully reloaded assembly
- Finished resetting the current domain, in  0.601 seconds
Domain Reload Profiling: 1114ms
	BeginReloadAssembly (177ms)
		ExecutionOrderSort (0ms)
		DisableScriptedObjects (0ms)
		BackupInstance (0ms)
		ReleaseScriptingObjects (0ms)
		CreateAndSetChildDomain (1ms)
	RebuildCommonClasses (44ms)
	RebuildNativeTypeToScriptingClass (17ms)
	initialDomainReloadingComplete (66ms)
	LoadAllAssembliesAndSetupDomain (208ms)
		LoadAssemblies (177ms)
		RebuildTransferFunctionScriptingTraits (0ms)
		AnalyzeDomain (203ms)
			TypeCache.Refresh (201ms)
				TypeCache.ScanAssembly (184ms)
			BuildScriptInfoCaches (0ms)
			ResolveRequiredComponents (1ms)
	FinalizeReload (602ms)
		ReleaseScriptCaches (0ms)
		RebuildScriptCaches (0ms)
		SetupLoadedEditorAssemblies (538ms)
			LogAssemblyErrors (0ms)
			InitializePlatformSupportModulesInManaged (33ms)
			SetLoadedEditorAssemblies (6ms)
			BeforeProcessingInitializeOnLoad (75ms)
			ProcessInitializeOnLoadAttributes (268ms)
			ProcessInitializeOnLoadMethodAttributes (155ms)
			AfterProcessingInitializeOnLoad (0ms)
			EditorAssembliesLoaded (0ms)
		ExecutionOrderSort2 (0ms)
		AwakeInstancesAfterBackupRestoration (0ms)
========================================================================
Worker process is ready to serve import requests
Import Worker Mode flag is 0x00
Begin MonoManager ReloadAssembly
- Loaded All Assemblies, in  1.156 seconds
Refreshing native plugins compatible for Editor in 3.20 ms, found 4 plugins.
Native extension for WindowsStandalone target not found
Native extension for WebGL target not found
Mono: successfully reloaded assembly
- Finished resetting the current domain, in  1.352 seconds
Domain Reload Profiling: 2507ms
	BeginReloadAssembly (255ms)
		ExecutionOrderSort (0ms)
		DisableScriptedObjects (10ms)
		BackupInstance (0ms)
		ReleaseScriptingObjects (0ms)
		CreateAndSetChildDomain (39ms)
	RebuildCommonClasses (44ms)
	RebuildNativeTypeToScriptingClass (14ms)
	initialDomainReloadingComplete (52ms)
	LoadAllAssembliesAndSetupDomain (789ms)
		LoadAssemblies (517ms)
		RebuildTransferFunctionScriptingTraits (0ms)
		AnalyzeDomain (429ms)
			TypeCache.Refresh (308ms)
				TypeCache.ScanAssembly (277ms)
			BuildScriptInfoCaches (99ms)
			ResolveRequiredComponents (13ms)
	FinalizeReload (1353ms)
		ReleaseScriptCaches (0ms)
		RebuildScriptCaches (0ms)
		SetupLoadedEditorAssemblies (1138ms)
			LogAssemblyErrors (0ms)
			InitializePlatformSupportModulesInManaged (4ms)
			SetLoadedEditorAssemblies (6ms)
			BeforeProcessingInitializeOnLoad (127ms)
			ProcessInitializeOnLoadAttributes (937ms)
			ProcessInitializeOnLoadMethodAttributes (60ms)
			AfterProcessingInitializeOnLoad (2ms)
			EditorAssembliesLoaded (0ms)
		ExecutionOrderSort2 (0ms)
		AwakeInstancesAfterBackupRestoration (10ms)
Launched and connected shader compiler UnityShaderCompiler.exe after 0.07 seconds
Refreshing native plugins compatible for Editor in 4.20 ms, found 4 plugins.
Preloading 0 native plugins for Editor in 0.00 ms.
Unloading 14 Unused Serialized files (Serialized files now loaded: 0)
Unloading 4684 unused Assets / (1.4 MB). Loaded Objects now: 5172.
Memory consumption went from 89.6 MB to 88.1 MB.
Total: 14.284100 ms (FindLiveObjects: 1.881000 ms CreateObjectMapping: 0.892800 ms MarkObjects: 9.628300 ms  DeleteObjects: 1.879500 ms)

========================================================================
Received Import Request.
  Time since last request: 193547.368060 seconds.
  path: Assets/InputSystem_Actions.inputactions
  artifactKey: Guid(3590b91b4603b465dbb4216d601bff33) Importer(815301076,1909f56bfc062723c751e8b465ee728b)
Start importing Assets/InputSystem_Actions.inputactions using Guid(3590b91b4603b465dbb4216d601bff33) Importer(815301076,1909f56bfc062723c751e8b465ee728b) (PreviewImporter) -> (artifact id: '52978deca89b5547bfe7f2cc0d175ccc') in 0.068126 seconds
Number of updated asset objects reloaded before import = 0Number of asset objects unloaded after import = 19

========================================================================
Received Prepare
Assembly with name 'Unity.PlasticSCM.Editor' already exists (Packages/com.unity.collab-proxy/Editor/Unity.PlasticSCM.Editor.asmdef)
Assembly with name 'Unity.PlasticSCM.Editor' already exists (Packages/com.unity.collab-proxy/Editor/PlasticSCM/Unity.PlasticSCM.Editor.asmdef)
Assembly with name 'Unity.CollabProxy.Editor' already exists (Packages/com.unity.collab-proxy/Editor/PlasticSCM/Toolbar/Unity.CollabProxy.Editor.asmdef)
Assembly with name 'Unity.CollabProxy.Editor' already exists (Packages/com.unity.collab-proxy/Editor/Toolbar/Unity.CollabProxy.Editor.asmdef)
Assembly with name 'Unity.PlasticSCM.Editor' already exists (Packages/com.unity.collab-proxy/Editor/Unity.PlasticSCM.Editor.asmdef)
Assembly with name 'Unity.PlasticSCM.Editor' already exists (Packages/com.unity.collab-proxy/Editor/PlasticSCM/Unity.PlasticSCM.Editor.asmdef)
Assembly with name 'Unity.CollabProxy.Editor' already exists (Packages/com.unity.collab-proxy/Editor/PlasticSCM/Toolbar/Unity.CollabProxy.Editor.asmdef)
Assembly with name 'Unity.CollabProxy.Editor' already exists (Packages/com.unity.collab-proxy/Editor/Toolbar/Unity.CollabProxy.Editor.asmdef)
Begin MonoManager ReloadAssembly
- Loaded All Assemblies, in  1.630 seconds
Assembly with name 'Unity.PlasticSCM.Editor' already exists (Packages/com.unity.collab-proxy/Editor/Unity.PlasticSCM.Editor.asmdef)
Assembly with name 'Unity.PlasticSCM.Editor' already exists (Packages/com.unity.collab-proxy/Editor/PlasticSCM/Unity.PlasticSCM.Editor.asmdef)
Assembly with name 'Unity.CollabProxy.Editor' already exists (Packages/com.unity.collab-proxy/Editor/PlasticSCM/Toolbar/Unity.CollabProxy.Editor.asmdef)
Assembly with name 'Unity.CollabProxy.Editor' already exists (Packages/com.unity.collab-proxy/Editor/Toolbar/Unity.CollabProxy.Editor.asmdef)
Refreshing native plugins compatible for Editor in 4.13 ms, found 4 plugins.
Native extension for WindowsStandalone target not found
Native extension for WebGL target not found
Assembly with name 'Unity.PlasticSCM.Editor' already exists (Packages/com.unity.collab-proxy/Editor/Unity.PlasticSCM.Editor.asmdef)
Assembly with name 'Unity.PlasticSCM.Editor' already exists (Packages/com.unity.collab-proxy/Editor/PlasticSCM/Unity.PlasticSCM.Editor.asmdef)
Assembly with name 'Unity.CollabProxy.Editor' already exists (Packages/com.unity.collab-proxy/Editor/PlasticSCM/Toolbar/Unity.CollabProxy.Editor.asmdef)
Assembly with name 'Unity.CollabProxy.Editor' already exists (Packages/com.unity.collab-proxy/Editor/Toolbar/Unity.CollabProxy.Editor.asmdef)
Mono: successfully reloaded assembly
- Finished resetting the current domain, in  1.347 seconds
Domain Reload Profiling: 2983ms
	BeginReloadAssembly (504ms)
		ExecutionOrderSort (0ms)
		DisableScriptedObjects (28ms)
		BackupInstance (0ms)
		ReleaseScriptingObjects (0ms)
		CreateAndSetChildDomain (70ms)
	RebuildCommonClasses (57ms)
	RebuildNativeTypeToScriptingClass (21ms)
	initialDomainReloadingComplete (60ms)
	LoadAllAssembliesAndSetupDomain (993ms)
		LoadAssemblies (815ms)
		RebuildTransferFunctionScriptingTraits (0ms)
		AnalyzeDomain (472ms)
			TypeCache.Refresh (253ms)
				TypeCache.ScanAssembly (222ms)
			BuildScriptInfoCaches (180ms)
			ResolveRequiredComponents (10ms)
	FinalizeReload (1348ms)
		ReleaseScriptCaches (0ms)
		RebuildScriptCaches (0ms)
		SetupLoadedEditorAssemblies (1139ms)
			LogAssemblyErrors (0ms)
			InitializePlatformSupportModulesInManaged (7ms)
			SetLoadedEditorAssemblies (20ms)
			BeforeProcessingInitializeOnLoad (273ms)
			ProcessInitializeOnLoadAttributes (762ms)
			ProcessInitializeOnLoadMethodAttributes (73ms)
			AfterProcessingInitializeOnLoad (3ms)
			EditorAssembliesLoaded (0ms)
		ExecutionOrderSort2 (0ms)
		AwakeInstancesAfterBackupRestoration (14ms)
Refreshing native plugins compatible for Editor in 4.63 ms, found 4 plugins.
Preloading 0 native plugins for Editor in 0.00 ms.
Unloading 0 Unused Serialized files (Serialized files now loaded: 0)
Unloading 4724 unused Assets / (1.0 MB). Loaded Objects now: 5220.
Memory consumption went from 88.0 MB to 87.0 MB.
Total: 27.519100 ms (FindLiveObjects: 1.129900 ms CreateObjectMapping: 0.552800 ms MarkObjects: 22.869800 ms  DeleteObjects: 2.963200 ms)

Prepare: number of updated asset objects reloaded= 0
========================================================================
Received Import Request.
  Time since last request: 47614.117300 seconds.
  path: Assets
  artifactKey: Guid(00000000000000001000000000000000) Importer(815301076,1909f56bfc062723c751e8b465ee728b)
Start importing Assets using Guid(00000000000000001000000000000000) Importer(815301076,1909f56bfc062723c751e8b465ee728b) (PreviewImporter) -> (artifact id: 'c391582d739b6e62a5220f35cbb167ac') in 0.0733228 seconds
Number of updated asset objects reloaded before import = 0Number of asset objects unloaded after import = 0

========================================================================
Received Import Request.
  Time since last request: 10.594820 seconds.
  path: Assets/Scripts
  artifactKey: Guid(fdf19a0cb8554854791b3958f6771e1b) Importer(815301076,1909f56bfc062723c751e8b465ee728b)
Start importing Assets/Scripts using Guid(fdf19a0cb8554854791b3958f6771e1b) Importer(815301076,1909f56bfc062723c751e8b465ee728b) (PreviewImporter) -> (artifact id: '49671b104021db98524293a1bc554ca4') in 0.0016366 seconds
Number of updated asset objects reloaded before import = 0Number of asset objects unloaded after import = 0

========================================================================
Received Import Request.
  Time since last request: 11.924627 seconds.
  path: Assets/Prefabs
  artifactKey: Guid(2ecf5b65c0f755d4987742f77e8fc784) Importer(815301076,1909f56bfc062723c751e8b465ee728b)
Start importing Assets/Prefabs using Guid(2ecf5b65c0f755d4987742f77e8fc784) Importer(815301076,1909f56bfc062723c751e8b465ee728b) (PreviewImporter) -> (artifact id: '3c8cc1925379883d9a0271405863bce4') in 0.0014484 seconds
Number of updated asset objects reloaded before import = 0Number of asset objects unloaded after import = 0

========================================================================
Received Import Request.
  Time since last request: 4.031552 seconds.
  path: Assets/Scenes
  artifactKey: Guid(9c53962885c2c4f449125a979d6ad240) Importer(815301076,1909f56bfc062723c751e8b465ee728b)
Start importing Assets/Scenes using Guid(9c53962885c2c4f449125a979d6ad240) Importer(815301076,1909f56bfc062723c751e8b465ee728b) (PreviewImporter) -> (artifact id: 'd65b75f456837a3494a5e6e744543932') in 0.0016176 seconds
Number of updated asset objects reloaded before import = 0Number of asset objects unloaded after import = 0

========================================================================
Received Prepare
Assembly with name 'Unity.PlasticSCM.Editor' already exists (Packages/com.unity.collab-proxy/Editor/Unity.PlasticSCM.Editor.asmdef)
Assembly with name 'Unity.PlasticSCM.Editor' already exists (Packages/com.unity.collab-proxy/Editor/PlasticSCM/Unity.PlasticSCM.Editor.asmdef)
Assembly with name 'Unity.CollabProxy.Editor' already exists (Packages/com.unity.collab-proxy/Editor/PlasticSCM/Toolbar/Unity.CollabProxy.Editor.asmdef)
Assembly with name 'Unity.CollabProxy.Editor' already exists (Packages/com.unity.collab-proxy/Editor/Toolbar/Unity.CollabProxy.Editor.asmdef)
Assembly with name 'Unity.PlasticSCM.Editor' already exists (Packages/com.unity.collab-proxy/Editor/Unity.PlasticSCM.Editor.asmdef)
Assembly with name 'Unity.PlasticSCM.Editor' already exists (Packages/com.unity.collab-proxy/Editor/PlasticSCM/Unity.PlasticSCM.Editor.asmdef)
Assembly with name 'Unity.CollabProxy.Editor' already exists (Packages/com.unity.collab-proxy/Editor/PlasticSCM/Toolbar/Unity.CollabProxy.Editor.asmdef)
Assembly with name 'Unity.CollabProxy.Editor' already exists (Packages/com.unity.collab-proxy/Editor/Toolbar/Unity.CollabProxy.Editor.asmdef)
Begin MonoManager ReloadAssembly
- Loaded All Assemblies, in 11.508 seconds
Assembly with name 'Unity.PlasticSCM.Editor' already exists (Packages/com.unity.collab-proxy/Editor/Unity.PlasticSCM.Editor.asmdef)
Assembly with name 'Unity.PlasticSCM.Editor' already exists (Packages/com.unity.collab-proxy/Editor/PlasticSCM/Unity.PlasticSCM.Editor.asmdef)
Assembly with name 'Unity.CollabProxy.Editor' already exists (Packages/com.unity.collab-proxy/Editor/PlasticSCM/Toolbar/Unity.CollabProxy.Editor.asmdef)
Assembly with name 'Unity.CollabProxy.Editor' already exists (Packages/com.unity.collab-proxy/Editor/Toolbar/Unity.CollabProxy.Editor.asmdef)
Refreshing native plugins compatible for Editor in 41.89 ms, found 4 plugins.
Native extension for WindowsStandalone target not found
Native extension for WebGL target not found
Assembly with name 'Unity.PlasticSCM.Editor' already exists (Packages/com.unity.collab-proxy/Editor/Unity.PlasticSCM.Editor.asmdef)
Assembly with name 'Unity.PlasticSCM.Editor' already exists (Packages/com.unity.collab-proxy/Editor/PlasticSCM/Unity.PlasticSCM.Editor.asmdef)
Assembly with name 'Unity.CollabProxy.Editor' already exists (Packages/com.unity.collab-proxy/Editor/PlasticSCM/Toolbar/Unity.CollabProxy.Editor.asmdef)
Assembly with name 'Unity.CollabProxy.Editor' already exists (Packages/com.unity.collab-proxy/Editor/Toolbar/Unity.CollabProxy.Editor.asmdef)
Mono: successfully reloaded assembly
- Finished resetting the current domain, in  1.658 seconds
Domain Reload Profiling: 13171ms
	BeginReloadAssembly (2933ms)
		ExecutionOrderSort (1ms)
		DisableScriptedObjects (475ms)
		BackupInstance (0ms)
		ReleaseScriptingObjects (2ms)
		CreateAndSetChildDomain (820ms)
	RebuildCommonClasses (444ms)
	RebuildNativeTypeToScriptingClass (25ms)
	initialDomainReloadingComplete (85ms)
	LoadAllAssembliesAndSetupDomain (8025ms)
		LoadAssemblies (8753ms)
		RebuildTransferFunctionScriptingTraits (0ms)
		AnalyzeDomain (446ms)
			TypeCache.Refresh (52ms)
				TypeCache.ScanAssembly (2ms)
			BuildScriptInfoCaches (358ms)
			ResolveRequiredComponents (18ms)
	FinalizeReload (1658ms)
		ReleaseScriptCaches (0ms)
		RebuildScriptCaches (0ms)
		SetupLoadedEditorAssemblies (1377ms)
			LogAssemblyErrors (0ms)
			InitializePlatformSupportModulesInManaged (6ms)
			SetLoadedEditorAssemblies (13ms)
			BeforeProcessingInitializeOnLoad (190ms)
			ProcessInitializeOnLoadAttributes (1088ms)
			ProcessInitializeOnLoadMethodAttributes (76ms)
			AfterProcessingInitializeOnLoad (3ms)
			EditorAssembliesLoaded (0ms)
		ExecutionOrderSort2 (0ms)
		AwakeInstancesAfterBackupRestoration (15ms)
Refreshing native plugins compatible for Editor in 7.73 ms, found 4 plugins.
Preloading 0 native plugins for Editor in 0.00 ms.
Unloading 14 Unused Serialized files (Serialized files now loaded: 0)
Unloading 4772 unused Assets / (2.0 MB). Loaded Objects now: 5256.
Memory consumption went from 95.1 MB to 93.0 MB.
Total: 79.875300 ms (FindLiveObjects: 0.754200 ms CreateObjectMapping: 0.465600 ms MarkObjects: 71.713000 ms  DeleteObjects: 6.897300 ms)

Prepare: number of updated asset objects reloaded= 0
========================================================================
Received Import Request.
  Time since last request: 860.208716 seconds.
  path: Assets/images
  artifactKey: Guid(0c279fb20f2b1f84db69482a8b04b86d) Importer(815301076,1909f56bfc062723c751e8b465ee728b)
Start importing Assets/images using Guid(0c279fb20f2b1f84db69482a8b04b86d) Importer(815301076,1909f56bfc062723c751e8b465ee728b) (PreviewImporter) -> (artifact id: '6b77f4e94e6e1582eeab8d0bb7bc9e31') in 0.0037314 seconds
Number of updated asset objects reloaded before import = 0Number of asset objects unloaded after import = 0

========================================================================
Received Import Request.
  Time since last request: 11.793184 seconds.
  path: Assets/images/messenger.png
  artifactKey: Guid(2c90d4b221409a6438c0319c8cafa071) Importer(815301076,1909f56bfc062723c751e8b465ee728b)
Start importing Assets/images/messenger.png using Guid(2c90d4b221409a6438c0319c8cafa071) Importer(815301076,1909f56bfc062723c751e8b465ee728b) (PreviewImporter) -> (artifact id: 'cb97a454d31158c9734ad9fbea112549') in 0.2589974 seconds
Number of updated asset objects reloaded before import = 0Number of asset objects unloaded after import = 3

========================================================================
Received Import Request.
  Time since last request: 60.723359 seconds.
  path: Assets/images/comment.png
  artifactKey: Guid(b15a03b595b5f864abe7cead65f329fd) Importer(815301076,1909f56bfc062723c751e8b465ee728b)
Start importing Assets/images/comment.png using Guid(b15a03b595b5f864abe7cead65f329fd) Importer(815301076,1909f56bfc062723c751e8b465ee728b) (PreviewImporter) -> (artifact id: '3f1f5ebe5e74ed7620049d551781b083') in 0.0534882 seconds
Number of updated asset objects reloaded before import = 0Number of asset objects unloaded after import = 3

========================================================================
Received Import Request.
  Time since last request: 76.443432 seconds.
  path: Assets/images/settings.png
  artifactKey: Guid(6288c12ce23e8d64d8b03514912e87d9) Importer(815301076,1909f56bfc062723c751e8b465ee728b)
Start importing Assets/images/settings.png using Guid(6288c12ce23e8d64d8b03514912e87d9) Importer(815301076,1909f56bfc062723c751e8b465ee728b) (PreviewImporter) -> (artifact id: 'b2c4d241723b0d1df19b6187c3505994') in 0.0429276 seconds
Number of updated asset objects reloaded before import = 0Number of asset objects unloaded after import = 3

========================================================================
Received Import Request.
  Time since last request: 151.643359 seconds.
  path: Assets/images/pause.png
  artifactKey: Guid(f9c6b207c93f4f64188bf233cd6ea091) Importer(815301076,1909f56bfc062723c751e8b465ee728b)
Start importing Assets/images/pause.png using Guid(f9c6b207c93f4f64188bf233cd6ea091) Importer(815301076,1909f56bfc062723c751e8b465ee728b) (PreviewImporter) -> (artifact id: '2bc58395e6c4a073b7a61c72be55d054') in 0.0340719 seconds
Number of updated asset objects reloaded before import = 0Number of asset objects unloaded after import = 3

========================================================================
Received Import Request.
  Time since last request: 79.370322 seconds.
  path: Assets/images/pause (1).png
  artifactKey: Guid(62cd636f44becda429a4e50a70b9f68f) Importer(815301076,1909f56bfc062723c751e8b465ee728b)
Start importing Assets/images/pause (1).png using Guid(62cd636f44becda429a4e50a70b9f68f) Importer(815301076,1909f56bfc062723c751e8b465ee728b) (PreviewImporter) -> (artifact id: '445e9154355d53b0c26b2efb4d530839') in 0.0521809 seconds
Number of updated asset objects reloaded before import = 0Number of asset objects unloaded after import = 3

========================================================================
Received Prepare
Refreshing native plugins compatible for Editor in 53.95 ms, found 4 plugins.
Preloading 0 native plugins for Editor in 0.00 ms.
Unloading 14 Unused Serialized files (Serialized files now loaded: 0)
Unloading 4762 unused Assets / (1.9 MB). Loaded Objects now: 5265.
Memory consumption went from 99.6 MB to 97.7 MB.
Total: 19.505600 ms (FindLiveObjects: 0.529900 ms CreateObjectMapping: 0.511100 ms MarkObjects: 15.557300 ms  DeleteObjects: 2.903700 ms)

Prepare: number of updated asset objects reloaded= 0
========================================================================
Received Import Request.
  Time since last request: 247.865428 seconds.
  path: Assets/Scripts/PauseManager.cs
  artifactKey: Guid(5bb5c45512aeae84493d3369782c12d9) Importer(815301076,1909f56bfc062723c751e8b465ee728b)
Start importing Assets/Scripts/PauseManager.cs using Guid(5bb5c45512aeae84493d3369782c12d9) Importer(815301076,1909f56bfc062723c751e8b465ee728b) (PreviewImporter) -> (artifact id: 'ef84cc4b1e47e4720b9cb88d864e3054') in 0.0287729 seconds
Number of updated asset objects reloaded before import = 0Number of asset objects unloaded after import = 0

========================================================================
Received Prepare
Assembly with name 'Unity.PlasticSCM.Editor' already exists (Packages/com.unity.collab-proxy/Editor/Unity.PlasticSCM.Editor.asmdef)
Assembly with name 'Unity.PlasticSCM.Editor' already exists (Packages/com.unity.collab-proxy/Editor/PlasticSCM/Unity.PlasticSCM.Editor.asmdef)
Assembly with name 'Unity.CollabProxy.Editor' already exists (Packages/com.unity.collab-proxy/Editor/PlasticSCM/Toolbar/Unity.CollabProxy.Editor.asmdef)
Assembly with name 'Unity.CollabProxy.Editor' already exists (Packages/com.unity.collab-proxy/Editor/Toolbar/Unity.CollabProxy.Editor.asmdef)
Assembly with name 'Unity.PlasticSCM.Editor' already exists (Packages/com.unity.collab-proxy/Editor/Unity.PlasticSCM.Editor.asmdef)
Assembly with name 'Unity.PlasticSCM.Editor' already exists (Packages/com.unity.collab-proxy/Editor/PlasticSCM/Unity.PlasticSCM.Editor.asmdef)
Assembly with name 'Unity.CollabProxy.Editor' already exists (Packages/com.unity.collab-proxy/Editor/PlasticSCM/Toolbar/Unity.CollabProxy.Editor.asmdef)
Assembly with name 'Unity.CollabProxy.Editor' already exists (Packages/com.unity.collab-proxy/Editor/Toolbar/Unity.CollabProxy.Editor.asmdef)
Begin MonoManager ReloadAssembly
- Loaded All Assemblies, in  8.471 seconds
Assembly with name 'Unity.PlasticSCM.Editor' already exists (Packages/com.unity.collab-proxy/Editor/Unity.PlasticSCM.Editor.asmdef)
Assembly with name 'Unity.PlasticSCM.Editor' already exists (Packages/com.unity.collab-proxy/Editor/PlasticSCM/Unity.PlasticSCM.Editor.asmdef)
Assembly with name 'Unity.CollabProxy.Editor' already exists (Packages/com.unity.collab-proxy/Editor/PlasticSCM/Toolbar/Unity.CollabProxy.Editor.asmdef)
Assembly with name 'Unity.CollabProxy.Editor' already exists (Packages/com.unity.collab-proxy/Editor/Toolbar/Unity.CollabProxy.Editor.asmdef)
Refreshing native plugins compatible for Editor in 8.07 ms, found 4 plugins.
Assertion failed on expression: 'pred(*previous, *i)'
Assertion failed on expression: 'pred(*previous, *i)'
Assertion failed on expression: 'pred(*previous, *i)'
Assertion failed on expression: 'pred(*previous, *i)'
Assertion failed on expression: 'pred(*previous, *i)'
Assertion failed on expression: 'pred(*previous, *i)'
Assertion failed on expression: 'pred(*previous, *i)'
Assertion failed on expression: 'pred(*previous, *i)'
Assertion failed on expression: 'pred(*previous, *i)'
Assertion failed on expression: 'pred(*previous, *i)'
Assertion failed on expression: 'pred(*previous, *i)'
Assertion failed on expression: 'pred(*previous, *i)'
Assertion failed on expression: 'pred(*previous, *i)'
Assertion failed on expression: 'pred(*previous, *i)'
Assertion failed on expression: 'pred(*previous, *i)'
Assertion failed on expression: 'pred(*previous, *i)'
Assertion failed on expression: 'pred(*previous, *i)'
Assertion failed on expression: 'pred(*previous, *i)'
Assertion failed on expression: 'pred(*previous, *i)'
Assertion failed on expression: 'pred(*previous, *i)'
Assertion failed on expression: 'pred(*previous, *i)'
Assertion failed on expression: 'pred(*previous, *i)'
Assertion failed on expression: 'pred(*previous, *i)'
Assertion failed on expression: 'pred(*previous, *i)'
Assertion failed on expression: 'pred(*previous, *i)'
Assertion failed on expression: 'pred(*previous, *i)'
Assertion failed on expression: 'pred(*previous, *i)'
Assertion failed on expression: 'pred(*previous, *i)'
Native extension for WindowsStandalone target not found
Native extension for WebGL target not found
Assembly with name 'Unity.PlasticSCM.Editor' already exists (Packages/com.unity.collab-proxy/Editor/Unity.PlasticSCM.Editor.asmdef)
Assembly with name 'Unity.PlasticSCM.Editor' already exists (Packages/com.unity.collab-proxy/Editor/PlasticSCM/Unity.PlasticSCM.Editor.asmdef)
Assembly with name 'Unity.CollabProxy.Editor' already exists (Packages/com.unity.collab-proxy/Editor/PlasticSCM/Toolbar/Unity.CollabProxy.Editor.asmdef)
Assembly with name 'Unity.CollabProxy.Editor' already exists (Packages/com.unity.collab-proxy/Editor/Toolbar/Unity.CollabProxy.Editor.asmdef)
Mono: successfully reloaded assembly
- Finished resetting the current domain, in  1.610 seconds
Domain Reload Profiling: 10081ms
	BeginReloadAssembly (1300ms)
		ExecutionOrderSort (0ms)
		DisableScriptedObjects (36ms)
		BackupInstance (0ms)
		ReleaseScriptingObjects (0ms)
		CreateAndSetChildDomain (133ms)
	RebuildCommonClasses (450ms)
	RebuildNativeTypeToScriptingClass (37ms)
	initialDomainReloadingComplete (85ms)
	LoadAllAssembliesAndSetupDomain (6598ms)
		LoadAssemblies (7361ms)
		RebuildTransferFunctionScriptingTraits (0ms)
		AnalyzeDomain (303ms)
			TypeCache.Refresh (18ms)
				TypeCache.ScanAssembly (1ms)
			BuildScriptInfoCaches (262ms)
			ResolveRequiredComponents (12ms)
	FinalizeReload (1611ms)
		ReleaseScriptCaches (0ms)
		RebuildScriptCaches (0ms)
		SetupLoadedEditorAssemblies (1342ms)
			LogAssemblyErrors (0ms)
			InitializePlatformSupportModulesInManaged (5ms)
			SetLoadedEditorAssemblies (8ms)
			BeforeProcessingInitializeOnLoad (262ms)
			ProcessInitializeOnLoadAttributes (946ms)
			ProcessInitializeOnLoadMethodAttributes (116ms)
			AfterProcessingInitializeOnLoad (5ms)
			EditorAssembliesLoaded (0ms)
		ExecutionOrderSort2 (0ms)
		AwakeInstancesAfterBackupRestoration (18ms)
Refreshing native plugins compatible for Editor in 3.32 ms, found 4 plugins.
Preloading 0 native plugins for Editor in 0.00 ms.
Unloading 14 Unused Serialized files (Serialized files now loaded: 0)
Unloading 4773 unused Assets / (2.6 MB). Loaded Objects now: 5266.
Memory consumption went from 99.1 MB to 96.6 MB.
Total: 11.864600 ms (FindLiveObjects: 0.713200 ms CreateObjectMapping: 0.369800 ms MarkObjects: 7.620700 ms  DeleteObjects: 3.159000 ms)

Prepare: number of updated asset objects reloaded= 0
========================================================================
Received Import Request.
  Time since last request: 1484.343687 seconds.
  path: Assets/Prefabs/Medium Tile.prefab
  artifactKey: Guid(5db91c28f5123d44d8ddb19965ce01f9) Importer(815301076,1909f56bfc062723c751e8b465ee728b)
Start importing Assets/Prefabs/Medium Tile.prefab using Guid(5db91c28f5123d44d8ddb19965ce01f9) Importer(815301076,1909f56bfc062723c751e8b465ee728b) (PreviewImporter) -> (artifact id: '10c1c0081fbc99ea16ae741dda73beab') in 0.3538091 seconds
Number of updated asset objects reloaded before import = 0Number of asset objects unloaded after import = 7

========================================================================
Received Import Request.
  Time since last request: 1.791457 seconds.
  path: Assets/Prefabs/Small Tile.prefab
  artifactKey: Guid(dae46c979c6111a4894e90495eeddbda) Importer(815301076,1909f56bfc062723c751e8b465ee728b)
Start importing Assets/Prefabs/Small Tile.prefab using Guid(dae46c979c6111a4894e90495eeddbda) Importer(815301076,1909f56bfc062723c751e8b465ee728b) (PreviewImporter) -> (artifact id: '30be9e9396d78532156035cf120e9e73') in 0.040508 seconds
Number of updated asset objects reloaded before import = 0Number of asset objects unloaded after import = 7

========================================================================
Received Import Request.
  Time since last request: 86.589900 seconds.
  path: Assets/Scenes/SampleScene.unity
  artifactKey: Guid(2cda990e2423bbf4892e6590ba056729) Importer(815301076,1909f56bfc062723c751e8b465ee728b)
Start importing Assets/Scenes/SampleScene.unity using Guid(2cda990e2423bbf4892e6590ba056729) Importer(815301076,1909f56bfc062723c751e8b465ee728b) (PreviewImporter) -> (artifact id: '9d6821af38a90b9841ce9a71ab48d7dd') in 0.0025299 seconds
Number of updated asset objects reloaded before import = 0Number of asset objects unloaded after import = 0

========================================================================
Received Import Request.
  Time since last request: 1.493816 seconds.
  path: Assets/Scenes/SampleScene 1.unity
  artifactKey: Guid(60ac0e8c42fe739468b8317b01ef35da) Importer(815301076,1909f56bfc062723c751e8b465ee728b)
Start importing Assets/Scenes/SampleScene 1.unity using Guid(60ac0e8c42fe739468b8317b01ef35da) Importer(815301076,1909f56bfc062723c751e8b465ee728b) (PreviewImporter) -> (artifact id: '348da269b0b82f9ec9765a8d7133aebe') in 0.0007466 seconds
Number of updated asset objects reloaded before import = 0Number of asset objects unloaded after import = 0

========================================================================
Received Import Request.
  Time since last request: 7.423617 seconds.
  path: Assets/Scenes/Map 1.unity
  artifactKey: Guid(60ac0e8c42fe739468b8317b01ef35da) Importer(815301076,1909f56bfc062723c751e8b465ee728b)
Start importing Assets/Scenes/Map 1.unity using Guid(60ac0e8c42fe739468b8317b01ef35da) Importer(815301076,1909f56bfc062723c751e8b465ee728b) (PreviewImporter) -> (artifact id: '4f6f1145711fbea05da05be9b8fb4fae') in 0.001279 seconds
Number of updated asset objects reloaded before import = 0Number of asset objects unloaded after import = 0

========================================================================
Received Import Request.
  Time since last request: 7.034823 seconds.
  path: Assets/Scenes/SampleScene.unity
  artifactKey: Guid(2cda990e2423bbf4892e6590ba056729) Importer(815301076,1909f56bfc062723c751e8b465ee728b)
Start importing Assets/Scenes/SampleScene.unity using Guid(2cda990e2423bbf4892e6590ba056729) Importer(815301076,1909f56bfc062723c751e8b465ee728b) (PreviewImporter) -> (artifact id: '46e91639d394410e48dcaa3ad35583cd') in 0.0020566 seconds
Number of updated asset objects reloaded before import = 0Number of asset objects unloaded after import = 0

========================================================================
Received Import Request.
  Time since last request: 8.865063 seconds.
  path: Assets/Scenes/SampleScene 1.unity
  artifactKey: Guid(c8297c3a306157f429eba13dc9f77b92) Importer(815301076,1909f56bfc062723c751e8b465ee728b)
Start importing Assets/Scenes/SampleScene 1.unity using Guid(c8297c3a306157f429eba13dc9f77b92) Importer(815301076,1909f56bfc062723c751e8b465ee728b) (PreviewImporter) -> (artifact id: '2ac31f022d40053aa16982a8270a685a') in 0.0005934 seconds
Number of updated asset objects reloaded before import = 0Number of asset objects unloaded after import = 0

========================================================================
Received Import Request.
  Time since last request: 3.602534 seconds.
  path: Assets/Scenes/Map 1.unity
  artifactKey: Guid(c8297c3a306157f429eba13dc9f77b92) Importer(815301076,1909f56bfc062723c751e8b465ee728b)
Start importing Assets/Scenes/Map 1.unity using Guid(c8297c3a306157f429eba13dc9f77b92) Importer(815301076,1909f56bfc062723c751e8b465ee728b) (PreviewImporter) -> (artifact id: '6491b8c2765d87a7d17a21db906ea39a') in 0.0017145 seconds
Number of updated asset objects reloaded before import = 0Number of asset objects unloaded after import = 0

========================================================================
Received Import Request.
  Time since last request: 3.713120 seconds.
  path: Assets/Scenes/Map 1.unity
  artifactKey: Guid(c8297c3a306157f429eba13dc9f77b92) Importer(815301076,1909f56bfc062723c751e8b465ee728b)
Start importing Assets/Scenes/Map 1.unity using Guid(c8297c3a306157f429eba13dc9f77b92) Importer(815301076,1909f56bfc062723c751e8b465ee728b) (PreviewImporter) -> (artifact id: '5be91073524d5172711fb785c4bb50d1') in 0.0005699 seconds
Number of updated asset objects reloaded before import = 0Number of asset objects unloaded after import = 0

========================================================================
Received Import Request.
  Time since last request: 26.698633 seconds.
  path: Assets/Scenes/SampleScene 1.unity
  artifactKey: Guid(f9d59da08ea72774eaacb387ecdb3bdd) Importer(815301076,1909f56bfc062723c751e8b465ee728b)
Start importing Assets/Scenes/SampleScene 1.unity using Guid(f9d59da08ea72774eaacb387ecdb3bdd) Importer(815301076,1909f56bfc062723c751e8b465ee728b) (PreviewImporter) -> (artifact id: 'f7d96d55df547516bb14a9c44eff7276') in 0.0006549 seconds
Number of updated asset objects reloaded before import = 0Number of asset objects unloaded after import = 0

========================================================================
Received Import Request.
  Time since last request: 11.696502 seconds.
  path: Assets/Scenes/Map 1.unity
  artifactKey: Guid(f9d59da08ea72774eaacb387ecdb3bdd) Importer(815301076,1909f56bfc062723c751e8b465ee728b)
Start importing Assets/Scenes/Map 1.unity using Guid(f9d59da08ea72774eaacb387ecdb3bdd) Importer(815301076,1909f56bfc062723c751e8b465ee728b) (PreviewImporter) -> (artifact id: 'dea145d7aeca56e076155a9b897f92cf') in 0.0005874 seconds
Number of updated asset objects reloaded before import = 0Number of asset objects unloaded after import = 0

========================================================================
Received Import Request.
  Time since last request: 56.386335 seconds.
  path: Assets/Prefabs/Small Tile.prefab
  artifactKey: Guid(dae46c979c6111a4894e90495eeddbda) Importer(815301076,1909f56bfc062723c751e8b465ee728b)
Start importing Assets/Prefabs/Small Tile.prefab using Guid(dae46c979c6111a4894e90495eeddbda) Importer(815301076,1909f56bfc062723c751e8b465ee728b) (PreviewImporter) -> (artifact id: '81a9c457ac7d28d92ac764824a89a1cc') in 0.0158605 seconds
Number of updated asset objects reloaded before import = 0Number of asset objects unloaded after import = 8

========================================================================
Received Import Request.
  Time since last request: 17.776710 seconds.
  path: Assets/Prefabs/Small Tile.prefab
  artifactKey: Guid(dae46c979c6111a4894e90495eeddbda) Importer(815301076,1909f56bfc062723c751e8b465ee728b)
Start importing Assets/Prefabs/Small Tile.prefab using Guid(dae46c979c6111a4894e90495eeddbda) Importer(815301076,1909f56bfc062723c751e8b465ee728b) (PreviewImporter) -> (artifact id: 'c93aca3bc62efb90ee5981e5ff5eeda2') in 0.0151655 seconds
Number of updated asset objects reloaded before import = 0Number of asset objects unloaded after import = 8

========================================================================
Received Import Request.
  Time since last request: 20.747959 seconds.
  path: Assets/Prefabs/Small Tile.prefab
  artifactKey: Guid(dae46c979c6111a4894e90495eeddbda) Importer(815301076,1909f56bfc062723c751e8b465ee728b)
Start importing Assets/Prefabs/Small Tile.prefab using Guid(dae46c979c6111a4894e90495eeddbda) Importer(815301076,1909f56bfc062723c751e8b465ee728b) (PreviewImporter) -> (artifact id: '227cba1786e8d77c3709da0ddd9d860b') in 0.0123332 seconds
Number of updated asset objects reloaded before import = 0Number of asset objects unloaded after import = 8

========================================================================
Received Import Request.
  Time since last request: 38.715295 seconds.
  path: Assets/Prefabs/Small Tile.prefab
  artifactKey: Guid(dae46c979c6111a4894e90495eeddbda) Importer(815301076,1909f56bfc062723c751e8b465ee728b)
Start importing Assets/Prefabs/Small Tile.prefab using Guid(dae46c979c6111a4894e90495eeddbda) Importer(815301076,1909f56bfc062723c751e8b465ee728b) (PreviewImporter) -> (artifact id: 'bc26eba9f3ee0148c721de7f6236113a') in 0.013626 seconds
Number of updated asset objects reloaded before import = 0Number of asset objects unloaded after import = 8

========================================================================
Received Import Request.
  Time since last request: 0.364604 seconds.
  path: Assets/Prefabs/Small Tile.prefab
  artifactKey: Guid(dae46c979c6111a4894e90495eeddbda) Importer(815301076,1909f56bfc062723c751e8b465ee728b)
Start importing Assets/Prefabs/Small Tile.prefab using Guid(dae46c979c6111a4894e90495eeddbda) Importer(815301076,1909f56bfc062723c751e8b465ee728b) (PreviewImporter) -> (artifact id: '9c234fabd95d3ab0305455df08e02f5a') in 0.0118111 seconds
Number of updated asset objects reloaded before import = 0Number of asset objects unloaded after import = 8

========================================================================
Received Import Request.
  Time since last request: 1.645955 seconds.
  path: Assets/Prefabs/Small Tile.prefab
  artifactKey: Guid(dae46c979c6111a4894e90495eeddbda) Importer(815301076,1909f56bfc062723c751e8b465ee728b)
Start importing Assets/Prefabs/Small Tile.prefab using Guid(dae46c979c6111a4894e90495eeddbda) Importer(815301076,1909f56bfc062723c751e8b465ee728b) (PreviewImporter) -> (artifact id: '48549646a61b2eb6b539f025f12b89b1') in 0.0127258 seconds
Number of updated asset objects reloaded before import = 0Number of asset objects unloaded after import = 8

========================================================================
Received Import Request.
  Time since last request: 0.186942 seconds.
  path: Assets/Prefabs/Small Tile.prefab
  artifactKey: Guid(dae46c979c6111a4894e90495eeddbda) Importer(815301076,1909f56bfc062723c751e8b465ee728b)
Start importing Assets/Prefabs/Small Tile.prefab using Guid(dae46c979c6111a4894e90495eeddbda) Importer(815301076,1909f56bfc062723c751e8b465ee728b) (PreviewImporter) -> (artifact id: '33235dc3dc4976c004efc907ca5ad4c4') in 0.0162541 seconds
Number of updated asset objects reloaded before import = 0Number of asset objects unloaded after import = 8

========================================================================
Received Import Request.
  Time since last request: 858.916959 seconds.
  path: Assets/Prefabs/Small Tile.prefab
  artifactKey: Guid(dae46c979c6111a4894e90495eeddbda) Importer(815301076,1909f56bfc062723c751e8b465ee728b)
Start importing Assets/Prefabs/Small Tile.prefab using Guid(dae46c979c6111a4894e90495eeddbda) Importer(815301076,1909f56bfc062723c751e8b465ee728b) (PreviewImporter) -> (artifact id: '74bef642e208df2c8d94a7421c77d656') in 0.0422711 seconds
Number of updated asset objects reloaded before import = 0Number of asset objects unloaded after import = 11

========================================================================
Received Import Request.
  Time since last request: 49.028501 seconds.
  path: Assets/Prefabs/Small Tile.prefab
  artifactKey: Guid(dae46c979c6111a4894e90495eeddbda) Importer(815301076,1909f56bfc062723c751e8b465ee728b)
Start importing Assets/Prefabs/Small Tile.prefab using Guid(dae46c979c6111a4894e90495eeddbda) Importer(815301076,1909f56bfc062723c751e8b465ee728b) (PreviewImporter) -> (artifact id: 'ffc601fe1a4ebde33d41b32ade7fbbab') in 0.0127009 seconds
Number of updated asset objects reloaded before import = 0Number of asset objects unloaded after import = 11

========================================================================
Received Import Request.
  Time since last request: 3.583393 seconds.
  path: Assets/Prefabs/Small Tile.prefab
  artifactKey: Guid(dae46c979c6111a4894e90495eeddbda) Importer(815301076,1909f56bfc062723c751e8b465ee728b)
Start importing Assets/Prefabs/Small Tile.prefab using Guid(dae46c979c6111a4894e90495eeddbda) Importer(815301076,1909f56bfc062723c751e8b465ee728b) (PreviewImporter) -> (artifact id: '394f04e4fffd9343b2769051743c47ca') in 0.0373854 seconds
Number of updated asset objects reloaded before import = 0Number of asset objects unloaded after import = 11

========================================================================
Received Import Request.
  Time since last request: 4.232777 seconds.
  path: Assets/Prefabs/Small Tile.prefab
  artifactKey: Guid(dae46c979c6111a4894e90495eeddbda) Importer(815301076,1909f56bfc062723c751e8b465ee728b)
Start importing Assets/Prefabs/Small Tile.prefab using Guid(dae46c979c6111a4894e90495eeddbda) Importer(815301076,1909f56bfc062723c751e8b465ee728b) (PreviewImporter) -> (artifact id: '2d51946fd2015c0b00b7ec9736fc23c8') in 0.0481642 seconds
Number of updated asset objects reloaded before import = 0Number of asset objects unloaded after import = 11

========================================================================
Received Import Request.
  Time since last request: 4.444063 seconds.
  path: Assets/Prefabs/Small Tile.prefab
  artifactKey: Guid(dae46c979c6111a4894e90495eeddbda) Importer(815301076,1909f56bfc062723c751e8b465ee728b)
Start importing Assets/Prefabs/Small Tile.prefab using Guid(dae46c979c6111a4894e90495eeddbda) Importer(815301076,1909f56bfc062723c751e8b465ee728b) (PreviewImporter) -> (artifact id: '77083b0e8b2961e8c0310811bee765ca') in 0.0199657 seconds
Number of updated asset objects reloaded before import = 0Number of asset objects unloaded after import = 11

========================================================================
Received Import Request.
  Time since last request: 4.441050 seconds.
  path: Assets/Prefabs/Small Tile.prefab
  artifactKey: Guid(dae46c979c6111a4894e90495eeddbda) Importer(815301076,1909f56bfc062723c751e8b465ee728b)
Start importing Assets/Prefabs/Small Tile.prefab using Guid(dae46c979c6111a4894e90495eeddbda) Importer(815301076,1909f56bfc062723c751e8b465ee728b) (PreviewImporter) -> (artifact id: '147346510c5626914134176e2f91506f') in 0.0439311 seconds
Number of updated asset objects reloaded before import = 0Number of asset objects unloaded after import = 11

========================================================================
Received Import Request.
  Time since last request: 77.943542 seconds.
  path: Assets/Prefabs/Small Tile.prefab
  artifactKey: Guid(dae46c979c6111a4894e90495eeddbda) Importer(815301076,1909f56bfc062723c751e8b465ee728b)
Start importing Assets/Prefabs/Small Tile.prefab using Guid(dae46c979c6111a4894e90495eeddbda) Importer(815301076,1909f56bfc062723c751e8b465ee728b) (PreviewImporter) -> (artifact id: 'd9412e9462d1bc135eaa136623aba18b') in 0.0118789 seconds
Number of updated asset objects reloaded before import = 0Number of asset objects unloaded after import = 11

========================================================================
Received Import Request.
  Time since last request: 7.914356 seconds.
  path: Assets/Prefabs/Small Tile.prefab
  artifactKey: Guid(dae46c979c6111a4894e90495eeddbda) Importer(815301076,1909f56bfc062723c751e8b465ee728b)
Start importing Assets/Prefabs/Small Tile.prefab using Guid(dae46c979c6111a4894e90495eeddbda) Importer(815301076,1909f56bfc062723c751e8b465ee728b) (PreviewImporter) -> (artifact id: '7ec4bdfb75d88811e0dc45a76136c5a6') in 0.019746 seconds
Number of updated asset objects reloaded before import = 0Number of asset objects unloaded after import = 11

========================================================================
Received Import Request.
  Time since last request: 35.284846 seconds.
  path: Assets/Prefabs/Small Tile.prefab
  artifactKey: Guid(dae46c979c6111a4894e90495eeddbda) Importer(815301076,1909f56bfc062723c751e8b465ee728b)
Start importing Assets/Prefabs/Small Tile.prefab using Guid(dae46c979c6111a4894e90495eeddbda) Importer(815301076,1909f56bfc062723c751e8b465ee728b) (PreviewImporter) -> (artifact id: 'b0e7b4c47e6cad550eebb77c005d8eb6') in 0.040719 seconds
Number of updated asset objects reloaded before import = 0Number of asset objects unloaded after import = 11

========================================================================
Received Import Request.
  Time since last request: 3.765474 seconds.
  path: Assets/Prefabs/Small Tile.prefab
  artifactKey: Guid(dae46c979c6111a4894e90495eeddbda) Importer(815301076,1909f56bfc062723c751e8b465ee728b)
Start importing Assets/Prefabs/Small Tile.prefab using Guid(dae46c979c6111a4894e90495eeddbda) Importer(815301076,1909f56bfc062723c751e8b465ee728b) (PreviewImporter) -> (artifact id: '9abe81493d3eadd47236ad9309ecb688') in 0.0157175 seconds
Number of updated asset objects reloaded before import = 0Number of asset objects unloaded after import = 11

========================================================================
Received Import Request.
  Time since last request: 5.270363 seconds.
  path: Assets/Prefabs/Small Tile.prefab
  artifactKey: Guid(dae46c979c6111a4894e90495eeddbda) Importer(815301076,1909f56bfc062723c751e8b465ee728b)
Start importing Assets/Prefabs/Small Tile.prefab using Guid(dae46c979c6111a4894e90495eeddbda) Importer(815301076,1909f56bfc062723c751e8b465ee728b) (PreviewImporter) -> (artifact id: '9476917d78810fd1814ebf83e0c93beb') in 0.0126192 seconds
Number of updated asset objects reloaded before import = 0Number of asset objects unloaded after import = 11

========================================================================
Received Import Request.
  Time since last request: 24.058464 seconds.
  path: Assets/Prefabs/Small Tile.prefab
  artifactKey: Guid(dae46c979c6111a4894e90495eeddbda) Importer(815301076,1909f56bfc062723c751e8b465ee728b)
Start importing Assets/Prefabs/Small Tile.prefab using Guid(dae46c979c6111a4894e90495eeddbda) Importer(815301076,1909f56bfc062723c751e8b465ee728b) (PreviewImporter) -> (artifact id: '221bca0737a340c7b5f34e1a287255a2') in 0.0166537 seconds
Number of updated asset objects reloaded before import = 0Number of asset objects unloaded after import = 11

========================================================================
Received Import Request.
  Time since last request: 47.837384 seconds.
  path: Assets/Prefabs/Small Tile.prefab
  artifactKey: Guid(dae46c979c6111a4894e90495eeddbda) Importer(815301076,1909f56bfc062723c751e8b465ee728b)
Start importing Assets/Prefabs/Small Tile.prefab using Guid(dae46c979c6111a4894e90495eeddbda) Importer(815301076,1909f56bfc062723c751e8b465ee728b) (PreviewImporter) -> (artifact id: '845ff3398fbb5633d8b8be00053eaf67') in 0.0385839 seconds
Number of updated asset objects reloaded before import = 0Number of asset objects unloaded after import = 11

========================================================================
Received Import Request.
  Time since last request: 4.188833 seconds.
  path: Assets/Prefabs/Small Tile.prefab
  artifactKey: Guid(dae46c979c6111a4894e90495eeddbda) Importer(815301076,1909f56bfc062723c751e8b465ee728b)
Start importing Assets/Prefabs/Small Tile.prefab using Guid(dae46c979c6111a4894e90495eeddbda) Importer(815301076,1909f56bfc062723c751e8b465ee728b) (PreviewImporter) -> (artifact id: 'f3cf367e6fba00baf0d42f50c4b7dc37') in 0.0246602 seconds
Number of updated asset objects reloaded before import = 0Number of asset objects unloaded after import = 11

========================================================================
Received Import Request.
  Time since last request: 361.886077 seconds.
  path: Assets/Prefabs/Medium Tile.prefab
  artifactKey: Guid(5db91c28f5123d44d8ddb19965ce01f9) Importer(815301076,1909f56bfc062723c751e8b465ee728b)
Start importing Assets/Prefabs/Medium Tile.prefab using Guid(5db91c28f5123d44d8ddb19965ce01f9) Importer(815301076,1909f56bfc062723c751e8b465ee728b) (PreviewImporter) -> (artifact id: '309b00b6a6d17393ac46b47f94082080') in 0.0317927 seconds
Number of updated asset objects reloaded before import = 0Number of asset objects unloaded after import = 9

========================================================================
Received Import Request.
  Time since last request: 7.127782 seconds.
  path: Assets/Prefabs/Medium Tile.prefab
  artifactKey: Guid(5db91c28f5123d44d8ddb19965ce01f9) Importer(815301076,1909f56bfc062723c751e8b465ee728b)
Start importing Assets/Prefabs/Medium Tile.prefab using Guid(5db91c28f5123d44d8ddb19965ce01f9) Importer(815301076,1909f56bfc062723c751e8b465ee728b) (PreviewImporter) -> (artifact id: '5367b3513a662dcb0f1999e9c70ab98b') in 0.0134408 seconds
Number of updated asset objects reloaded before import = 0Number of asset objects unloaded after import = 10

========================================================================
Received Import Request.
  Time since last request: 5.427731 seconds.
  path: Assets/Prefabs/Medium Tile.prefab
  artifactKey: Guid(5db91c28f5123d44d8ddb19965ce01f9) Importer(815301076,1909f56bfc062723c751e8b465ee728b)
Start importing Assets/Prefabs/Medium Tile.prefab using Guid(5db91c28f5123d44d8ddb19965ce01f9) Importer(815301076,1909f56bfc062723c751e8b465ee728b) (PreviewImporter) -> (artifact id: '3ef0e77ab3a22e11e3724cb94fc1c36c') in 0.0297401 seconds
Number of updated asset objects reloaded before import = 0Number of asset objects unloaded after import = 10

========================================================================
Received Import Request.
  Time since last request: 14.733951 seconds.
  path: Assets/Prefabs/Medium Tile.prefab
  artifactKey: Guid(5db91c28f5123d44d8ddb19965ce01f9) Importer(815301076,1909f56bfc062723c751e8b465ee728b)
Start importing Assets/Prefabs/Medium Tile.prefab using Guid(5db91c28f5123d44d8ddb19965ce01f9) Importer(815301076,1909f56bfc062723c751e8b465ee728b) (PreviewImporter) -> (artifact id: '53e501772d2163176b6940230a8e2fe4') in 0.0116342 seconds
Number of updated asset objects reloaded before import = 0Number of asset objects unloaded after import = 10

========================================================================
Received Import Request.
  Time since last request: 3.378300 seconds.
  path: Assets/Prefabs/Medium Tile.prefab
  artifactKey: Guid(5db91c28f5123d44d8ddb19965ce01f9) Importer(815301076,1909f56bfc062723c751e8b465ee728b)
Start importing Assets/Prefabs/Medium Tile.prefab using Guid(5db91c28f5123d44d8ddb19965ce01f9) Importer(815301076,1909f56bfc062723c751e8b465ee728b) (PreviewImporter) -> (artifact id: '625ea6bdcc34fb29957a61a525d42992') in 0.0280349 seconds
Number of updated asset objects reloaded before import = 0Number of asset objects unloaded after import = 10

========================================================================
Received Import Request.
  Time since last request: 5.698751 seconds.
  path: Assets/Prefabs/Medium Tile.prefab
  artifactKey: Guid(5db91c28f5123d44d8ddb19965ce01f9) Importer(815301076,1909f56bfc062723c751e8b465ee728b)
Start importing Assets/Prefabs/Medium Tile.prefab using Guid(5db91c28f5123d44d8ddb19965ce01f9) Importer(815301076,1909f56bfc062723c751e8b465ee728b) (PreviewImporter) -> (artifact id: '7c0548cf3d26a37bc0c914652e1a6503') in 0.0310962 seconds
Number of updated asset objects reloaded before import = 0Number of asset objects unloaded after import = 10

========================================================================
Received Import Request.
  Time since last request: 20.375113 seconds.
  path: Assets/Prefabs/Medium Tile.prefab
  artifactKey: Guid(5db91c28f5123d44d8ddb19965ce01f9) Importer(815301076,1909f56bfc062723c751e8b465ee728b)
Start importing Assets/Prefabs/Medium Tile.prefab using Guid(5db91c28f5123d44d8ddb19965ce01f9) Importer(815301076,1909f56bfc062723c751e8b465ee728b) (PreviewImporter) -> (artifact id: '48d61b44506b4afded6d1da45e5f2cf9') in 0.0313688 seconds
Number of updated asset objects reloaded before import = 0Number of asset objects unloaded after import = 10

========================================================================
Received Import Request.
  Time since last request: 1.805014 seconds.
  path: Assets/Prefabs/Medium Tile.prefab
  artifactKey: Guid(5db91c28f5123d44d8ddb19965ce01f9) Importer(815301076,1909f56bfc062723c751e8b465ee728b)
Start importing Assets/Prefabs/Medium Tile.prefab using Guid(5db91c28f5123d44d8ddb19965ce01f9) Importer(815301076,1909f56bfc062723c751e8b465ee728b) (PreviewImporter) -> (artifact id: '98d41e4d99b92fbd1b17f6d1513a97e4') in 0.0339552 seconds
Number of updated asset objects reloaded before import = 0Number of asset objects unloaded after import = 10

========================================================================
Received Import Request.
  Time since last request: 4.879472 seconds.
  path: Assets/Prefabs/Medium Tile.prefab
  artifactKey: Guid(5db91c28f5123d44d8ddb19965ce01f9) Importer(815301076,1909f56bfc062723c751e8b465ee728b)
Start importing Assets/Prefabs/Medium Tile.prefab using Guid(5db91c28f5123d44d8ddb19965ce01f9) Importer(815301076,1909f56bfc062723c751e8b465ee728b) (PreviewImporter) -> (artifact id: '869df4d771131faab72a6376313a4b6e') in 0.0117244 seconds
Number of updated asset objects reloaded before import = 0Number of asset objects unloaded after import = 10

========================================================================
Received Import Request.
  Time since last request: 5.444047 seconds.
  path: Assets/Prefabs/Medium Tile.prefab
  artifactKey: Guid(5db91c28f5123d44d8ddb19965ce01f9) Importer(815301076,1909f56bfc062723c751e8b465ee728b)
Start importing Assets/Prefabs/Medium Tile.prefab using Guid(5db91c28f5123d44d8ddb19965ce01f9) Importer(815301076,1909f56bfc062723c751e8b465ee728b) (PreviewImporter) -> (artifact id: '49368c7deefc07288e1bf3708f1037fd') in 0.0313239 seconds
Number of updated asset objects reloaded before import = 0Number of asset objects unloaded after import = 10

========================================================================
Received Import Request.
  Time since last request: 246.980806 seconds.
  path: Assets/Prefabs/Small Tile.prefab
  artifactKey: Guid(dae46c979c6111a4894e90495eeddbda) Importer(815301076,1909f56bfc062723c751e8b465ee728b)
Start importing Assets/Prefabs/Small Tile.prefab using Guid(dae46c979c6111a4894e90495eeddbda) Importer(815301076,1909f56bfc062723c751e8b465ee728b) (PreviewImporter) -> (artifact id: 'f6d735749a4f6a69d6db1d72a7bce6ab') in 0.0144147 seconds
Number of updated asset objects reloaded before import = 0Number of asset objects unloaded after import = 11

========================================================================
Received Import Request.
  Time since last request: 527.558659 seconds.
  path: Assets/Prefabs/Small Tile.prefab
  artifactKey: Guid(dae46c979c6111a4894e90495eeddbda) Importer(815301076,1909f56bfc062723c751e8b465ee728b)
Start importing Assets/Prefabs/Small Tile.prefab using Guid(dae46c979c6111a4894e90495eeddbda) Importer(815301076,1909f56bfc062723c751e8b465ee728b) (PreviewImporter) -> (artifact id: '5636c45d028212f2c5b1cf0a9102bb4b') in 0.0185515 seconds
Number of updated asset objects reloaded before import = 0Number of asset objects unloaded after import = 10

========================================================================
Received Import Request.
  Time since last request: 27.377865 seconds.
  path: Assets/Prefabs/Small Tile.prefab
  artifactKey: Guid(dae46c979c6111a4894e90495eeddbda) Importer(815301076,1909f56bfc062723c751e8b465ee728b)
Start importing Assets/Prefabs/Small Tile.prefab using Guid(dae46c979c6111a4894e90495eeddbda) Importer(815301076,1909f56bfc062723c751e8b465ee728b) (PreviewImporter) -> (artifact id: '90ae8da8379a9604d072c8fd9dec0784') in 0.0432453 seconds
Number of updated asset objects reloaded before import = 0Number of asset objects unloaded after import = 10

========================================================================
Received Import Request.
  Time since last request: 5.169439 seconds.
  path: Assets/Prefabs/Small Tile.prefab
  artifactKey: Guid(dae46c979c6111a4894e90495eeddbda) Importer(815301076,1909f56bfc062723c751e8b465ee728b)
Start importing Assets/Prefabs/Small Tile.prefab using Guid(dae46c979c6111a4894e90495eeddbda) Importer(815301076,1909f56bfc062723c751e8b465ee728b) (PreviewImporter) -> (artifact id: '09bdc88ab8c018254ac250df29c8fc77') in 0.0407156 seconds
Number of updated asset objects reloaded before import = 0Number of asset objects unloaded after import = 10

========================================================================
Received Import Request.
  Time since last request: 320.468939 seconds.
  path: Assets/InputSystem_Actions.inputactions
  artifactKey: Guid(3590b91b4603b465dbb4216d601bff33) Importer(2089858483,192608db42251d675da83286b1cce702)
Start importing Assets/InputSystem_Actions.inputactions using Guid(3590b91b4603b465dbb4216d601bff33) Importer(2089858483,192608db42251d675da83286b1cce702) (ScriptedImporter) -> (artifact id: '1c800fd2290d7c44de1dcd66fef61b1a') in 1.0076843 seconds
Number of updated asset objects reloaded before import = 0Number of asset objects unloaded after import = 21

========================================================================
Received Import Request.
  Time since last request: 0.000033 seconds.
  path: Assets/TextMesh Pro/Shaders/TMP_SDF Overlay.shader
  artifactKey: Guid(dd89cf5b9246416f84610a006f916af7) Importer(2089858483,192608db42251d675da83286b1cce702)
Start importing Assets/TextMesh Pro/Shaders/TMP_SDF Overlay.shader using Guid(dd89cf5b9246416f84610a006f916af7) Importer(2089858483,192608db42251d675da83286b1cce702) (ScriptedImporter) -> (artifact id: 'e9e08e9091a4b5d3724e0805f4e51bcf') in 0.0492552 seconds
Number of updated asset objects reloaded before import = 0Number of asset objects unloaded after import = 2

========================================================================
Received Import Request.
  Time since last request: 0.000028 seconds.
  path: Assets/TextMesh Pro/Shaders/TMP_SDF SSD.shader
  artifactKey: Guid(14eb328de4b8eb245bb7cea29e4ac00b) Importer(2089858483,192608db42251d675da83286b1cce702)
Start importing Assets/TextMesh Pro/Shaders/TMP_SDF SSD.shader using Guid(14eb328de4b8eb245bb7cea29e4ac00b) Importer(2089858483,192608db42251d675da83286b1cce702) (ScriptedImporter) -> (artifact id: '926d6fbb213084d37801958cc86524ab') in 0.030356 seconds
Number of updated asset objects reloaded before import = 0Number of asset objects unloaded after import = 2

========================================================================
Received Import Request.
  Time since last request: 0.000019 seconds.
  path: Assets/TextMesh Pro/Shaders/TMP_SDF-Mobile SSD.shader
  artifactKey: Guid(c8d12adcee749c344b8117cf7c7eb912) Importer(2089858483,192608db42251d675da83286b1cce702)
Start importing Assets/TextMesh Pro/Shaders/TMP_SDF-Mobile SSD.shader using Guid(c8d12adcee749c344b8117cf7c7eb912) Importer(2089858483,192608db42251d675da83286b1cce702) (ScriptedImporter) -> (artifact id: '99c892752d9be041fa088a9346d69554') in 0.027838 seconds
Number of updated asset objects reloaded before import = 0Number of asset objects unloaded after import = 1

========================================================================
Received Import Request.
  Time since last request: 0.000178 seconds.
  path: Assets/TextMesh Pro/Examples & Extras/Scenes/24 - Surface Shader Example.unity
  artifactKey: Guid(8c4969fd8ba94a68b07cf11f3e7a5137) Importer(2089858483,192608db42251d675da83286b1cce702)
Start importing Assets/TextMesh Pro/Examples & Extras/Scenes/24 - Surface Shader Example.unity using Guid(8c4969fd8ba94a68b07cf11f3e7a5137) Importer(2089858483,192608db42251d675da83286b1cce702) (ScriptedImporter) -> (artifact id: 'dbdd1fa0c0b57c07c7495d64181bb12a') in 0.0465646 seconds
Number of updated asset objects reloaded before import = 0Number of asset objects unloaded after import = 1

========================================================================
Received Import Request.
  Time since last request: 0.000178 seconds.
  path: Assets/TextMesh Pro/Examples & Extras/Fonts/Bangers - OFL.txt
  artifactKey: Guid(efe0bf4ac872451e91612d1ae593f480) Importer(2089858483,192608db42251d675da83286b1cce702)
Start importing Assets/TextMesh Pro/Examples & Extras/Fonts/Bangers - OFL.txt using Guid(efe0bf4ac872451e91612d1ae593f480) Importer(2089858483,192608db42251d675da83286b1cce702) (ScriptedImporter) -> (artifact id: 'c4954b0343f3e640b54039612a0602d8') in 0.0382406 seconds
Number of updated asset objects reloaded before import = 0Number of asset objects unloaded after import = 1

========================================================================
Received Import Request.
  Time since last request: 0.000194 seconds.
  path: Assets/TextMesh Pro/Resources/LineBreaking Following Characters.txt
  artifactKey: Guid(fade42e8bc714b018fac513c043d323b) Importer(2089858483,192608db42251d675da83286b1cce702)
Start importing Assets/TextMesh Pro/Resources/LineBreaking Following Characters.txt using Guid(fade42e8bc714b018fac513c043d323b) Importer(2089858483,192608db42251d675da83286b1cce702) (ScriptedImporter) -> (artifact id: '10bc697e5edaa659e33b637dddedc57e') in 0.0216523 seconds
Number of updated asset objects reloaded before import = 0Number of asset objects unloaded after import = 1

========================================================================
Received Import Request.
  Time since last request: 0.000177 seconds.
  path: Assets/TextMesh Pro/Examples & Extras/Fonts/Anton.ttf
  artifactKey: Guid(997a43b767814dd0a7642ec9b78cba41) Importer(2089858483,192608db42251d675da83286b1cce702)
Start importing Assets/TextMesh Pro/Examples & Extras/Fonts/Anton.ttf using Guid(997a43b767814dd0a7642ec9b78cba41) Importer(2089858483,192608db42251d675da83286b1cce702) (ScriptedImporter) -> (artifact id: '0bbdba326a4b70a3b293a40939b694b8') in 0.1038402 seconds
Number of updated asset objects reloaded before import = 0Number of asset objects unloaded after import = 3

========================================================================
Received Import Request.
  Time since last request: 0.000022 seconds.
  path: Assets/TextMesh Pro/Examples & Extras/Scripts/EnvMapAnimator.cs
  artifactKey: Guid(a4b6f99e8bc54541bbd149b014ff441c) Importer(2089858483,192608db42251d675da83286b1cce702)
Start importing Assets/TextMesh Pro/Examples & Extras/Scripts/EnvMapAnimator.cs using Guid(a4b6f99e8bc54541bbd149b014ff441c) Importer(2089858483,192608db42251d675da83286b1cce702) (ScriptedImporter) -> (artifact id: 'f0aec19afcaa840472311624b8b84456') in 0.0495063 seconds
Number of updated asset objects reloaded before import = 0Number of asset objects unloaded after import = 0

========================================================================
Received Import Request.
  Time since last request: 0.000265 seconds.
  path: Assets/TextMesh Pro/Examples & Extras/Scenes/10 - Bullets & Numbered List Example.unity
  artifactKey: Guid(c3f814e1d12c45568daf3dd9a86a0e61) Importer(2089858483,192608db42251d675da83286b1cce702)
Start importing Assets/TextMesh Pro/Examples & Extras/Scenes/10 - Bullets & Numbered List Example.unity using Guid(c3f814e1d12c45568daf3dd9a86a0e61) Importer(2089858483,192608db42251d675da83286b1cce702) (ScriptedImporter) -> (artifact id: '6d97a96b69b04d18071be260dc9e4966') in 0.0513355 seconds
Number of updated asset objects reloaded before import = 0Number of asset objects unloaded after import = 1

========================================================================
Received Import Request.
  Time since last request: 0.000051 seconds.
  path: Assets/TextMesh Pro/Examples & Extras/Scenes/25 - Sunny Days Example.unity
  artifactKey: Guid(f9b4c22e15cff344ba9fc6542a58dd07) Importer(2089858483,192608db42251d675da83286b1cce702)
Start importing Assets/TextMesh Pro/Examples & Extras/Scenes/25 - Sunny Days Example.unity using Guid(f9b4c22e15cff344ba9fc6542a58dd07) Importer(2089858483,192608db42251d675da83286b1cce702) (ScriptedImporter) -> (artifact id: '98aa43e63610fee929caedb204277ab6') in 0.0492155 seconds
Number of updated asset objects reloaded before import = 0Number of asset objects unloaded after import = 1

========================================================================
Received Import Request.
  Time since last request: 0.000277 seconds.
  path: Assets/TextMesh Pro/Examples & Extras/Fonts/Bangers.ttf
  artifactKey: Guid(5dd49b3eacc540408c98eee0de38e0f1) Importer(2089858483,192608db42251d675da83286b1cce702)
Start importing Assets/TextMesh Pro/Examples & Extras/Fonts/Bangers.ttf using Guid(5dd49b3eacc540408c98eee0de38e0f1) Importer(2089858483,192608db42251d675da83286b1cce702) (ScriptedImporter) -> (artifact id: 'a5fe1a37b4e2a1954820c3db7f1428c2') in 0.0400365 seconds
Number of updated asset objects reloaded before import = 0Number of asset objects unloaded after import = 3

========================================================================
Received Import Request.
  Time since last request: 0.000042 seconds.
  path: Assets/TextMesh Pro/Shaders/TMP_Bitmap-Mobile.shader
  artifactKey: Guid(1e3b057af24249748ff873be7fafee47) Importer(2089858483,192608db42251d675da83286b1cce702)
Start importing Assets/TextMesh Pro/Shaders/TMP_Bitmap-Mobile.shader using Guid(1e3b057af24249748ff873be7fafee47) Importer(2089858483,192608db42251d675da83286b1cce702) (ScriptedImporter) -> (artifact id: 'cb67a8862b8b970d9bd8c1595395f992') in 0.0258311 seconds
Number of updated asset objects reloaded before import = 0Number of asset objects unloaded after import = 1

========================================================================
Received Import Request.
  Time since last request: 0.000234 seconds.
  path: Assets/TextMesh Pro/Examples & Extras/Scripts/TextMeshSpawner.cs
  artifactKey: Guid(76c11bbcfddf44e0ba17d6c2751c8d84) Importer(2089858483,192608db42251d675da83286b1cce702)
Start importing Assets/TextMesh Pro/Examples & Extras/Scripts/TextMeshSpawner.cs using Guid(76c11bbcfddf44e0ba17d6c2751c8d84) Importer(2089858483,192608db42251d675da83286b1cce702) (ScriptedImporter) -> (artifact id: 'c64939ed719bee3381f7816546d34848') in 0.0256366 seconds
Number of updated asset objects reloaded before import = 0Number of asset objects unloaded after import = 0

========================================================================
Received Import Request.
  Time since last request: 0.000163 seconds.
  path: Assets/TextMesh Pro/Examples & Extras/Scenes/17 - Old Computer Terminal.unity
  artifactKey: Guid(3e2e4d7b0bed4cf9ab827e9f32448f69) Importer(2089858483,192608db42251d675da83286b1cce702)
Start importing Assets/TextMesh Pro/Examples & Extras/Scenes/17 - Old Computer Terminal.unity using Guid(3e2e4d7b0bed4cf9ab827e9f32448f69) Importer(2089858483,192608db42251d675da83286b1cce702) (ScriptedImporter) -> (artifact id: '0984a523dcc46d495a031698df4249d5') in 0.0445266 seconds
Number of updated asset objects reloaded before import = 0Number of asset objects unloaded after import = 1

========================================================================
Received Import Request.
  Time since last request: 0.000108 seconds.
  path: Assets/TextMesh Pro/Examples & Extras/Scripts/Benchmark03.cs
  artifactKey: Guid(a73109742c8d47ac822895a473300c29) Importer(2089858483,192608db42251d675da83286b1cce702)
Start importing Assets/TextMesh Pro/Examples & Extras/Scripts/Benchmark03.cs using Guid(a73109742c8d47ac822895a473300c29) Importer(2089858483,192608db42251d675da83286b1cce702) (ScriptedImporter) -> (artifact id: 'd2a7ac26aa477bdff72145c18c8855f7') in 0.0293655 seconds
Number of updated asset objects reloaded before import = 0Number of asset objects unloaded after import = 0

========================================================================
Received Import Request.
  Time since last request: 0.000091 seconds.
  path: Assets/TextMesh Pro/Examples & Extras/Fonts/Unity.ttf
  artifactKey: Guid(f4eec857a4fdf2f43be0e9f3d1a984e7) Importer(2089858483,192608db42251d675da83286b1cce702)
Start importing Assets/TextMesh Pro/Examples & Extras/Fonts/Unity.ttf using Guid(f4eec857a4fdf2f43be0e9f3d1a984e7) Importer(2089858483,192608db42251d675da83286b1cce702) (ScriptedImporter) -> (artifact id: '062b323954af94f6872c7893cd5128ae') in 0.0445971 seconds
Number of updated asset objects reloaded before import = 0Number of asset objects unloaded after import = 3

========================================================================
Received Import Request.
  Time since last request: 0.000217 seconds.
  path: Assets/TextMesh Pro/Examples & Extras/Scenes/21 - Script Example.unity
  artifactKey: Guid(50f52f9274434ecfb34dd87f0836f323) Importer(2089858483,192608db42251d675da83286b1cce702)
Start importing Assets/TextMesh Pro/Examples & Extras/Scenes/21 - Script Example.unity using Guid(50f52f9274434ecfb34dd87f0836f323) Importer(2089858483,192608db42251d675da83286b1cce702) (ScriptedImporter) -> (artifact id: '1c87e699176bfda490c8f1e06a21d4a3') in 0.0466318 seconds
Number of updated asset objects reloaded before import = 0Number of asset objects unloaded after import = 1

========================================================================
Received Import Request.
  Time since last request: 0.000162 seconds.
  path: Assets/TextMesh Pro/Examples & Extras/Scripts/WarpTextExample.cs
  artifactKey: Guid(790744c462254b7ba8038e6ed28b3db2) Importer(2089858483,192608db42251d675da83286b1cce702)
Start importing Assets/TextMesh Pro/Examples & Extras/Scripts/WarpTextExample.cs using Guid(790744c462254b7ba8038e6ed28b3db2) Importer(2089858483,192608db42251d675da83286b1cce702) (ScriptedImporter) -> (artifact id: 'f3cb7bf817cfdcc284b642008fa24252') in 0.0288563 seconds
Number of updated asset objects reloaded before import = 0Number of asset objects unloaded after import = 0

========================================================================
Received Import Request.
  Time since last request: 0.000020 seconds.
  path: Assets/TextMesh Pro/Examples & Extras/Scripts/TMP_FrameRateCounter.cs
  artifactKey: Guid(686ec78b56aa445795335fbadafcfaa4) Importer(2089858483,192608db42251d675da83286b1cce702)
Start importing Assets/TextMesh Pro/Examples & Extras/Scripts/TMP_FrameRateCounter.cs using Guid(686ec78b56aa445795335fbadafcfaa4) Importer(2089858483,192608db42251d675da83286b1cce702) (ScriptedImporter) -> (artifact id: '22e151123e8ee19b18dd2ecd1a3c5d5c') in 0.0266588 seconds
Number of updated asset objects reloaded before import = 0Number of asset objects unloaded after import = 0

========================================================================
Received Import Request.
  Time since last request: 0.000228 seconds.
  path: Assets/TextMesh Pro/Examples & Extras/Fonts/Roboto-Bold - AFL.txt
  artifactKey: Guid(f28c334d44214474d9702d3ad79ecb0a) Importer(2089858483,192608db42251d675da83286b1cce702)
Start importing Assets/TextMesh Pro/Examples & Extras/Fonts/Roboto-Bold - AFL.txt using Guid(f28c334d44214474d9702d3ad79ecb0a) Importer(2089858483,192608db42251d675da83286b1cce702) (ScriptedImporter) -> (artifact id: 'c187a508f11c1c25c4628b62a98fd9d8') in 0.0369974 seconds
Number of updated asset objects reloaded before import = 0Number of asset objects unloaded after import = 1

========================================================================
Received Import Request.
  Time since last request: 0.000416 seconds.
  path: Assets/Prefabs/Small Tile.prefab
  artifactKey: Guid(dae46c979c6111a4894e90495eeddbda) Importer(2089858483,192608db42251d675da83286b1cce702)
Start importing Assets/Prefabs/Small Tile.prefab using Guid(dae46c979c6111a4894e90495eeddbda) Importer(2089858483,192608db42251d675da83286b1cce702) (ScriptedImporter) -> (artifact id: 'fce5a86702b605718e06372040716916') in 0.0549131 seconds
Number of updated asset objects reloaded before import = 0Number of asset objects unloaded after import = 10

========================================================================
Received Import Request.
  Time since last request: 0.000022 seconds.
  path: Assets/TextMesh Pro/Examples & Extras/Materials/Ground - URP.mat
  artifactKey: Guid(71529b88994c1a341b22bc57c038674a) Importer(2089858483,192608db42251d675da83286b1cce702)
Start importing Assets/TextMesh Pro/Examples & Extras/Materials/Ground - URP.mat using Guid(71529b88994c1a341b22bc57c038674a) Importer(2089858483,192608db42251d675da83286b1cce702) (ScriptedImporter) -> (artifact id: 'eb52fa95f5e30b70c7e81d54a8491da2') in 0.0352149 seconds
Number of updated asset objects reloaded before import = 0Number of asset objects unloaded after import = 1

========================================================================
Received Import Request.
  Time since last request: 0.000124 seconds.
  path: Assets/TextMesh Pro/Examples & Extras/Scripts/ChatController.cs
  artifactKey: Guid(53d91f98a2664f5cb9af11de72ac54ec) Importer(2089858483,192608db42251d675da83286b1cce702)
Start importing Assets/TextMesh Pro/Examples & Extras/Scripts/ChatController.cs using Guid(53d91f98a2664f5cb9af11de72ac54ec) Importer(2089858483,192608db42251d675da83286b1cce702) (ScriptedImporter) -> (artifact id: 'd98c5a4268cad14917dc4161f81978e3') in 0.0220003 seconds
Number of updated asset objects reloaded before import = 0Number of asset objects unloaded after import = 0

========================================================================
Received Import Request.
  Time since last request: 0.000179 seconds.
  path: Assets/TextMesh Pro/Fonts/LiberationSans - OFL.txt
  artifactKey: Guid(6e59c59b81ab47f9b6ec5781fa725d2c) Importer(2089858483,192608db42251d675da83286b1cce702)
Start importing Assets/TextMesh Pro/Fonts/LiberationSans - OFL.txt using Guid(6e59c59b81ab47f9b6ec5781fa725d2c) Importer(2089858483,192608db42251d675da83286b1cce702) (ScriptedImporter) -> (artifact id: 'd691ea33f02a98f2f99a5ed5dd433ffd') in 0.0438741 seconds
Number of updated asset objects reloaded before import = 0Number of asset objects unloaded after import = 1

========================================================================
Received Import Request.
  Time since last request: 0.000205 seconds.
  path: Assets/TextMesh Pro/Examples & Extras/Scenes/04 - Word Wrapping.unity
  artifactKey: Guid(8f7137eacd7042d5b17ef0efe5e744f5) Importer(2089858483,192608db42251d675da83286b1cce702)
Start importing Assets/TextMesh Pro/Examples & Extras/Scenes/04 - Word Wrapping.unity using Guid(8f7137eacd7042d5b17ef0efe5e744f5) Importer(2089858483,192608db42251d675da83286b1cce702) (ScriptedImporter) -> (artifact id: '8283c084d351b9c130e11a68219fb92a') in 0.0463307 seconds
Number of updated asset objects reloaded before import = 0Number of asset objects unloaded after import = 1

========================================================================
Received Import Request.
  Time since last request: 0.000251 seconds.
  path: Assets/TextMesh Pro/Examples & Extras/Scenes/19 - Masking Texture & Soft Mask.unity
  artifactKey: Guid(9abcd5bd764646568a6ea70d00f9264c) Importer(2089858483,192608db42251d675da83286b1cce702)
Start importing Assets/TextMesh Pro/Examples & Extras/Scenes/19 - Masking Texture & Soft Mask.unity using Guid(9abcd5bd764646568a6ea70d00f9264c) Importer(2089858483,192608db42251d675da83286b1cce702) (ScriptedImporter) -> (artifact id: '76134cf0817e0a367108ca0cba15535f') in 0.0442957 seconds
Number of updated asset objects reloaded before import = 0Number of asset objects unloaded after import = 1

========================================================================
Received Import Request.
  Time since last request: 0.000099 seconds.
  path: Assets/TextMesh Pro/Examples & Extras/Scripts/SkewTextExample.cs
  artifactKey: Guid(d412675cfb3441efa3bf8dcd9b7624dc) Importer(2089858483,192608db42251d675da83286b1cce702)
Start importing Assets/TextMesh Pro/Examples & Extras/Scripts/SkewTextExample.cs using Guid(d412675cfb3441efa3bf8dcd9b7624dc) Importer(2089858483,192608db42251d675da83286b1cce702) (ScriptedImporter) -> (artifact id: '7b87f511b32ab5d151e23b2a7b363c7e') in 0.0255478 seconds
Number of updated asset objects reloaded before import = 0Number of asset objects unloaded after import = 0

========================================================================
Received Import Request.
  Time since last request: 0.000135 seconds.
  path: Assets/TextMesh Pro/Shaders/TMP_SDF.shader
  artifactKey: Guid(68e6db2ebdc24f95958faec2be5558d6) Importer(2089858483,192608db42251d675da83286b1cce702)
Start importing Assets/TextMesh Pro/Shaders/TMP_SDF.shader using Guid(68e6db2ebdc24f95958faec2be5558d6) Importer(2089858483,192608db42251d675da83286b1cce702) (ScriptedImporter) -> (artifact id: '120bd1da8ca0076e3814ff87c50248f4') in 0.0262402 seconds
Number of updated asset objects reloaded before import = 0Number of asset objects unloaded after import = 2

========================================================================
Received Import Request.
  Time since last request: 0.000020 seconds.
  path: Assets/TextMesh Pro/Examples & Extras/Scripts/VertexColorCycler.cs
  artifactKey: Guid(91b8ba3d52e041fab2d0e0f169855539) Importer(2089858483,192608db42251d675da83286b1cce702)
Start importing Assets/TextMesh Pro/Examples & Extras/Scripts/VertexColorCycler.cs using Guid(91b8ba3d52e041fab2d0e0f169855539) Importer(2089858483,192608db42251d675da83286b1cce702) (ScriptedImporter) -> (artifact id: '5b6e4c32c0bd68e539a0be51ce23c750') in 0.0250988 seconds
Number of updated asset objects reloaded before import = 0Number of asset objects unloaded after import = 0

========================================================================
Received Import Request.
  Time since last request: 0.000144 seconds.
  path: Assets/TextMesh Pro/Shaders/TMP_SDF-Surface-Mobile.shader
  artifactKey: Guid(85187c2149c549c5b33f0cdb02836b17) Importer(2089858483,192608db42251d675da83286b1cce702)
Start importing Assets/TextMesh Pro/Shaders/TMP_SDF-Surface-Mobile.shader using Guid(85187c2149c549c5b33f0cdb02836b17) Importer(2089858483,192608db42251d675da83286b1cce702) (ScriptedImporter) -> (artifact id: '67ccc5ab3140326adc9e23016f833d9a') in 0.0267305 seconds
Number of updated asset objects reloaded before import = 0Number of asset objects unloaded after import = 1

========================================================================
Received Import Request.
  Time since last request: 0.000193 seconds.
  path: Assets/TextMesh Pro/Examples & Extras/Scripts/TMP_UiFrameRateCounter.cs
  artifactKey: Guid(24b0dc2d1d494adbbec1f4db26b4cf83) Importer(2089858483,192608db42251d675da83286b1cce702)
Start importing Assets/TextMesh Pro/Examples & Extras/Scripts/TMP_UiFrameRateCounter.cs using Guid(24b0dc2d1d494adbbec1f4db26b4cf83) Importer(2089858483,192608db42251d675da83286b1cce702) (ScriptedImporter) -> (artifact id: 'd8d88f05a2976cc19afa4a7f969b9286') in 0.0219955 seconds
Number of updated asset objects reloaded before import = 0Number of asset objects unloaded after import = 0

========================================================================
Received Import Request.
  Time since last request: 0.000208 seconds.
  path: Assets/TextMesh Pro/Examples & Extras/Fonts/Oswald-Bold - OFL.txt
  artifactKey: Guid(d2cf87a8a7a94aa8b80dff1c807c1178) Importer(2089858483,192608db42251d675da83286b1cce702)
Start importing Assets/TextMesh Pro/Examples & Extras/Fonts/Oswald-Bold - OFL.txt using Guid(d2cf87a8a7a94aa8b80dff1c807c1178) Importer(2089858483,192608db42251d675da83286b1cce702) (ScriptedImporter) -> (artifact id: '0ab4590a2db3de226def3acf57737d2d') in 0.0363849 seconds
Number of updated asset objects reloaded before import = 0Number of asset objects unloaded after import = 1

========================================================================
Received Import Request.
  Time since last request: 0.000216 seconds.
  path: Assets/TextMesh Pro/Examples & Extras/Textures/Wipe Pattern - Radial Quad.psd
  artifactKey: Guid(2b5e9ae96c5644d8bae932f8b4ca68a2) Importer(2089858483,192608db42251d675da83286b1cce702)
Start importing Assets/TextMesh Pro/Examples & Extras/Textures/Wipe Pattern - Radial Quad.psd using Guid(2b5e9ae96c5644d8bae932f8b4ca68a2) Importer(2089858483,192608db42251d675da83286b1cce702) (ScriptedImporter) -> (artifact id: '960987aafc5516fd5b638037a4616af6') in 0.0785705 seconds
Number of updated asset objects reloaded before import = 0Number of asset objects unloaded after import = 1

========================================================================
Received Import Request.
  Time since last request: 0.000249 seconds.
  path: Assets/TextMesh Pro/Resources/Style Sheets/Default Style Sheet.asset
  artifactKey: Guid(f952c082cb03451daed3ee968ac6c63e) Importer(2089858483,192608db42251d675da83286b1cce702)
Start importing Assets/TextMesh Pro/Resources/Style Sheets/Default Style Sheet.asset using Guid(f952c082cb03451daed3ee968ac6c63e) Importer(2089858483,192608db42251d675da83286b1cce702) (ScriptedImporter) -> (artifact id: '7ec9da87d947d0ab53344b9a90126d40') in 0.027929 seconds
Number of updated asset objects reloaded before import = 0Number of asset objects unloaded after import = 1

========================================================================
Received Import Request.
  Time since last request: 0.000213 seconds.
  path: Assets/TextMesh Pro/Resources/Fonts & Materials/LiberationSans SDF.asset
  artifactKey: Guid(8f586378b4e144a9851e7b34d9b748ee) Importer(2089858483,192608db42251d675da83286b1cce702)
Start importing Assets/TextMesh Pro/Resources/Fonts & Materials/LiberationSans SDF.asset using Guid(8f586378b4e144a9851e7b34d9b748ee) Importer(2089858483,192608db42251d675da83286b1cce702) (ScriptedImporter) -> (artifact id: '4cf03732997516d34ea65f5dc375bc3d') in 0.0868415 seconds
Number of updated asset objects reloaded before import = 0Number of asset objects unloaded after import = 9

========================================================================
Received Import Request.
  Time since last request: 0.000022 seconds.
  path: Assets/TextMesh Pro/Examples & Extras/Textures/Mask Zig-n-Zag.psd
  artifactKey: Guid(bb8dfcd263ad4eb383a33d74a720be6f) Importer(2089858483,192608db42251d675da83286b1cce702)
Start importing Assets/TextMesh Pro/Examples & Extras/Textures/Mask Zig-n-Zag.psd using Guid(bb8dfcd263ad4eb383a33d74a720be6f) Importer(2089858483,192608db42251d675da83286b1cce702) (ScriptedImporter) -> (artifact id: '4945a64629f907ca01502ac4deceac1f') in 0.0461111 seconds
Number of updated asset objects reloaded before import = 0Number of asset objects unloaded after import = 1

========================================================================
Received Import Request.
  Time since last request: 0.000119 seconds.
  path: Assets/TextMesh Pro/Examples & Extras/Textures/Wipe Pattern - Radial Double.psd
  artifactKey: Guid(7631f4eff8f74ed38eb3eb9db17134e1) Importer(2089858483,192608db42251d675da83286b1cce702)
Start importing Assets/TextMesh Pro/Examples & Extras/Textures/Wipe Pattern - Radial Double.psd using Guid(7631f4eff8f74ed38eb3eb9db17134e1) Importer(2089858483,192608db42251d675da83286b1cce702) (ScriptedImporter) -> (artifact id: '13850740dbfa5ce1b39dd70c44d6e7ca') in 0.0670036 seconds
Number of updated asset objects reloaded before import = 0Number of asset objects unloaded after import = 1

========================================================================
Received Import Request.
  Time since last request: 0.000126 seconds.
  path: Assets/TextMesh Pro/Examples & Extras/Textures/Sunny Days - Seamless.jpg
  artifactKey: Guid(17c350171f7a3ca479f830547c66d187) Importer(2089858483,192608db42251d675da83286b1cce702)
Start importing Assets/TextMesh Pro/Examples & Extras/Textures/Sunny Days - Seamless.jpg using Guid(17c350171f7a3ca479f830547c66d187) Importer(2089858483,192608db42251d675da83286b1cce702) (ScriptedImporter) -> (artifact id: '90cf88f9976cc3fef6770812f4b5d90c') in 0.1279258 seconds
Number of updated asset objects reloaded before import = 0Number of asset objects unloaded after import = 1

========================================================================
Received Import Request.
  Time since last request: 0.000226 seconds.
  path: Assets/TextMesh Pro/Examples & Extras/Textures/Text Overflow - Linked Text UI Screenshot.png
  artifactKey: Guid(c76d18757a194d618355f05f815cb0a1) Importer(2089858483,192608db42251d675da83286b1cce702)
Start importing Assets/TextMesh Pro/Examples & Extras/Textures/Text Overflow - Linked Text UI Screenshot.png using Guid(c76d18757a194d618355f05f815cb0a1) Importer(2089858483,192608db42251d675da83286b1cce702) (ScriptedImporter) -> (artifact id: '57bccf6a1c76ab570bcd0fd4a2d05787') in 0.0587888 seconds
Number of updated asset objects reloaded before import = 0Number of asset objects unloaded after import = 1

========================================================================
Received Import Request.
  Time since last request: 0.000264 seconds.
  path: Assets/TextMesh Pro/Examples & Extras/Resources/Color Gradient Presets/Yellow to Orange - Vertical.asset
  artifactKey: Guid(69a525efa7e6472eab268f6ea605f06e) Importer(2089858483,192608db42251d675da83286b1cce702)
Start importing Assets/TextMesh Pro/Examples & Extras/Resources/Color Gradient Presets/Yellow to Orange - Vertical.asset using Guid(69a525efa7e6472eab268f6ea605f06e) Importer(2089858483,192608db42251d675da83286b1cce702) (ScriptedImporter) -> (artifact id: '4f8ba73c88b1dec5898416c800cbf277') in 0.0519553 seconds
Number of updated asset objects reloaded before import = 0Number of asset objects unloaded after import = 1

========================================================================
Received Import Request.
  Time since last request: 0.000062 seconds.
  path: Assets/TextMesh Pro/Examples & Extras/Resources/Fonts & Materials/Bangers SDF.asset
  artifactKey: Guid(125cb55b44b24c4393181402bc6200e6) Importer(2089858483,192608db42251d675da83286b1cce702)
Start importing Assets/TextMesh Pro/Examples & Extras/Resources/Fonts & Materials/Bangers SDF.asset using Guid(125cb55b44b24c4393181402bc6200e6) Importer(2089858483,192608db42251d675da83286b1cce702) (ScriptedImporter) -> (artifact id: 'e4dd666fbe436417b5823732302134d9') in 0.2386461 seconds
Number of updated asset objects reloaded before import = 0Number of asset objects unloaded after import = 7

========================================================================
Received Import Request.
  Time since last request: 0.000139 seconds.
  path: Assets/TextMesh Pro/Examples & Extras/Resources/Fonts & Materials/Anton SDF.asset
  artifactKey: Guid(8a89fa14b10d46a99122fd4f73fca9a2) Importer(2089858483,192608db42251d675da83286b1cce702)
Start importing Assets/TextMesh Pro/Examples & Extras/Resources/Fonts & Materials/Anton SDF.asset using Guid(8a89fa14b10d46a99122fd4f73fca9a2) Importer(2089858483,192608db42251d675da83286b1cce702) (ScriptedImporter) -> (artifact id: 'a33cb7f186ddf0668ca74a671fb94532') in 0.0377509 seconds
Number of updated asset objects reloaded before import = 0Number of asset objects unloaded after import = 6

========================================================================
Received Import Request.
  Time since last request: 0.000021 seconds.
  path: Assets/TextMesh Pro/Examples & Extras/Resources/Fonts & Materials/Oswald Bold SDF.asset
  artifactKey: Guid(0161d805a3764c089bef00bfe00793f5) Importer(2089858483,192608db42251d675da83286b1cce702)
Start importing Assets/TextMesh Pro/Examples & Extras/Resources/Fonts & Materials/Oswald Bold SDF.asset using Guid(0161d805a3764c089bef00bfe00793f5) Importer(2089858483,192608db42251d675da83286b1cce702) (ScriptedImporter) -> (artifact id: 'fcc8c733c085265f3a14402e5e7444c2') in 0.0820909 seconds
Number of updated asset objects reloaded before import = 0Number of asset objects unloaded after import = 7

========================================================================
Received Import Request.
  Time since last request: 0.000025 seconds.
  path: Assets/TextMesh Pro/Examples & Extras/Scripts/VertexZoom.cs
  artifactKey: Guid(52ec835d14bd486f900952b77698b7eb) Importer(2089858483,192608db42251d675da83286b1cce702)
Start importing Assets/TextMesh Pro/Examples & Extras/Scripts/VertexZoom.cs using Guid(52ec835d14bd486f900952b77698b7eb) Importer(2089858483,192608db42251d675da83286b1cce702) (ScriptedImporter) -> (artifact id: '28f26c8d8833c7372f70f89a3afd4616') in 0.0237127 seconds
Number of updated asset objects reloaded before import = 0Number of asset objects unloaded after import = 0

========================================================================
Received Import Request.
  Time since last request: 0.000311 seconds.
  path: Assets/TextMesh Pro/Examples & Extras/Resources/Fonts & Materials/Roboto-Bold SDF - Drop Shadow.mat
  artifactKey: Guid(b246c4190f4e46ec9352fe15a7b09ce0) Importer(2089858483,192608db42251d675da83286b1cce702)
Start importing Assets/TextMesh Pro/Examples & Extras/Resources/Fonts & Materials/Roboto-Bold SDF - Drop Shadow.mat using Guid(b246c4190f4e46ec9352fe15a7b09ce0) Importer(2089858483,192608db42251d675da83286b1cce702) (ScriptedImporter) -> (artifact id: 'e3be1c8ae5a9ec36483375c1d97a5e36') in 0.124033 seconds
Number of updated asset objects reloaded before import = 0Number of asset objects unloaded after import = 3

========================================================================
Received Import Request.
  Time since last request: 0.000022 seconds.
  path: Assets/TextMesh Pro/Examples & Extras/Resources/Fonts & Materials/Unity SDF - HDRP LIT - Bloom.mat
  artifactKey: Guid(8d176c01131de8f46ad61094e29d79b2) Importer(2089858483,192608db42251d675da83286b1cce702)
Start importing Assets/TextMesh Pro/Examples & Extras/Resources/Fonts & Materials/Unity SDF - HDRP LIT - Bloom.mat using Guid(8d176c01131de8f46ad61094e29d79b2) Importer(2089858483,192608db42251d675da83286b1cce702) (ScriptedImporter) -> (artifact id: '7c24d22b6c036241081c1fe70b12b040') in 0.0214953 seconds
Number of updated asset objects reloaded before import = 0Number of asset objects unloaded after import = 1

========================================================================
Received Import Request.
  Time since last request: 0.000196 seconds.
  path: Assets/TextMesh Pro/Examples & Extras/Materials/Small Crate_diffuse.mat
  artifactKey: Guid(22262639920f43d6be32430e4e58350d) Importer(2089858483,192608db42251d675da83286b1cce702)
Start importing Assets/TextMesh Pro/Examples & Extras/Materials/Small Crate_diffuse.mat using Guid(22262639920f43d6be32430e4e58350d) Importer(2089858483,192608db42251d675da83286b1cce702) (ScriptedImporter) -> (artifact id: 'edd7ad60acd91fc72c6af828b5d44185') in 0.1841812 seconds
Number of updated asset objects reloaded before import = 0Number of asset objects unloaded after import = 3

========================================================================
Received Import Request.
  Time since last request: 0.000042 seconds.
  path: Assets/TextMesh Pro/Resources/Fonts & Materials/LiberationSans SDF - Drop Shadow.mat
  artifactKey: Guid(e73a58f6e2794ae7b1b7e50b7fb811b0) Importer(2089858483,192608db42251d675da83286b1cce702)
Start importing Assets/TextMesh Pro/Resources/Fonts & Materials/LiberationSans SDF - Drop Shadow.mat using Guid(e73a58f6e2794ae7b1b7e50b7fb811b0) Importer(2089858483,192608db42251d675da83286b1cce702) (ScriptedImporter) -> (artifact id: '3647e6075bce8a731ed0abb3d744107b') in 0.0490911 seconds
Number of updated asset objects reloaded before import = 0Number of asset objects unloaded after import = 3

========================================================================
Received Import Request.
  Time since last request: 0.000517 seconds.
  path: Assets/TextMesh Pro/Shaders/TMP_SDF-Mobile Overlay.shader
  artifactKey: Guid(a02a7d8c237544f1962732b55a9aebf1) Importer(2089858483,192608db42251d675da83286b1cce702)
Start importing Assets/TextMesh Pro/Shaders/TMP_SDF-Mobile Overlay.shader using Guid(a02a7d8c237544f1962732b55a9aebf1) Importer(2089858483,192608db42251d675da83286b1cce702) (ScriptedImporter) -> (artifact id: '7879a25498b2a3fd14d7c7805989b2d9') in 0.0272837 seconds
Number of updated asset objects reloaded before import = 0Number of asset objects unloaded after import = 1

========================================================================
Received Import Request.
  Time since last request: 0.000283 seconds.
  path: Assets/TextMesh Pro/Examples & Extras/Fonts/Anton OFL.txt
  artifactKey: Guid(73a79399807f4e8388c2cbb5494681ca) Importer(2089858483,192608db42251d675da83286b1cce702)
Start importing Assets/TextMesh Pro/Examples & Extras/Fonts/Anton OFL.txt using Guid(73a79399807f4e8388c2cbb5494681ca) Importer(2089858483,192608db42251d675da83286b1cce702) (ScriptedImporter) -> (artifact id: 'beeed888a0d2703bf8cb57dc28c002a6') in 0.0454274 seconds
Number of updated asset objects reloaded before import = 0Number of asset objects unloaded after import = 1

========================================================================
Received Import Request.
  Time since last request: 0.000303 seconds.
  path: Assets/TextMesh Pro/Examples & Extras/Scripts/TMP_DigitValidator.cs
  artifactKey: Guid(1a7eb92a01ed499a987bde9def05fbce) Importer(2089858483,192608db42251d675da83286b1cce702)
Start importing Assets/TextMesh Pro/Examples & Extras/Scripts/TMP_DigitValidator.cs using Guid(1a7eb92a01ed499a987bde9def05fbce) Importer(2089858483,192608db42251d675da83286b1cce702) (ScriptedImporter) -> (artifact id: '202c9b00a5317f95bfbefd23e8407520') in 0.0243418 seconds
Number of updated asset objects reloaded before import = 0Number of asset objects unloaded after import = 0

========================================================================
Received Import Request.
  Time since last request: 0.000295 seconds.
  path: Assets/TextMesh Pro/Examples & Extras/Fonts/Oswald-Bold.ttf
  artifactKey: Guid(c9f6d0e7bc8541498c9a4799ba184ede) Importer(2089858483,192608db42251d675da83286b1cce702)
Start importing Assets/TextMesh Pro/Examples & Extras/Fonts/Oswald-Bold.ttf using Guid(c9f6d0e7bc8541498c9a4799ba184ede) Importer(2089858483,192608db42251d675da83286b1cce702) (ScriptedImporter) -> (artifact id: '5d50f012ed1cbe4649bf6841754a1c84') in 0.0278848 seconds
Number of updated asset objects reloaded before import = 0Number of asset objects unloaded after import = 3

========================================================================
Received Import Request.
  Time since last request: 0.000026 seconds.
  path: Assets/TextMesh Pro/Examples & Extras/Scripts/ShaderPropAnimator.cs
  artifactKey: Guid(2787a46a4dc848c1b4b7b9307b614bfd) Importer(2089858483,192608db42251d675da83286b1cce702)
Start importing Assets/TextMesh Pro/Examples & Extras/Scripts/ShaderPropAnimator.cs using Guid(2787a46a4dc848c1b4b7b9307b614bfd) Importer(2089858483,192608db42251d675da83286b1cce702) (ScriptedImporter) -> (artifact id: '29190215fa5545d7278b3ce0b8f7323d') in 0.0251947 seconds
Number of updated asset objects reloaded before import = 0Number of asset objects unloaded after import = 0

========================================================================
Received Import Request.
  Time since last request: 0.000200 seconds.
  path: Assets/TextMesh Pro/Examples & Extras/Prefabs/TextMeshPro - Prefab 1.prefab
  artifactKey: Guid(a6e39ced0ea046bcb636c3f0b2e2a745) Importer(2089858483,192608db42251d675da83286b1cce702)
Start importing Assets/TextMesh Pro/Examples & Extras/Prefabs/TextMeshPro - Prefab 1.prefab using Guid(a6e39ced0ea046bcb636c3f0b2e2a745) Importer(2089858483,192608db42251d675da83286b1cce702) (ScriptedImporter) -> (artifact id: '2210ccf8353fb0e1a6d920bdf0cdb4e7') in 0.138309 seconds
Number of updated asset objects reloaded before import = 0Number of asset objects unloaded after import = 17

========================================================================
Received Import Request.
  Time since last request: 0.000029 seconds.
  path: Assets/TextMesh Pro/Examples & Extras/Resources/Fonts & Materials/Roboto-Bold SDF - HDRP Unlit.mat
  artifactKey: Guid(2ddca8f46aa0838419d568affb0ca6b4) Importer(2089858483,192608db42251d675da83286b1cce702)
Start importing Assets/TextMesh Pro/Examples & Extras/Resources/Fonts & Materials/Roboto-Bold SDF - HDRP Unlit.mat using Guid(2ddca8f46aa0838419d568affb0ca6b4) Importer(2089858483,192608db42251d675da83286b1cce702) (ScriptedImporter) -> (artifact id: 'e19fdcc0a0aef7283763f63c8e141930') in 0.0366761 seconds
Number of updated asset objects reloaded before import = 0Number of asset objects unloaded after import = 1

========================================================================
Received Import Request.
  Time since last request: 0.000134 seconds.
  path: Assets/TextMesh Pro/Examples & Extras/Scenes/28 - HDRP Shader Example.unity
  artifactKey: Guid(eea2b7206368b444e84fbec4ec32b64a) Importer(2089858483,192608db42251d675da83286b1cce702)
Start importing Assets/TextMesh Pro/Examples & Extras/Scenes/28 - HDRP Shader Example.unity using Guid(eea2b7206368b444e84fbec4ec32b64a) Importer(2089858483,192608db42251d675da83286b1cce702) (ScriptedImporter) -> (artifact id: '02bffcb1604cbc1384fa6da60e2cbf16') in 0.0829986 seconds
Number of updated asset objects reloaded before import = 0Number of asset objects unloaded after import = 1

========================================================================
Received Import Request.
  Time since last request: 0.000171 seconds.
  path: Assets/TextMesh Pro/Examples & Extras/Scripts/DropdownSample.cs
  artifactKey: Guid(ac1eb05af6d391b4eb0f4c070a99f1d0) Importer(2089858483,192608db42251d675da83286b1cce702)
Start importing Assets/TextMesh Pro/Examples & Extras/Scripts/DropdownSample.cs using Guid(ac1eb05af6d391b4eb0f4c070a99f1d0) Importer(2089858483,192608db42251d675da83286b1cce702) (ScriptedImporter) -> (artifact id: 'd77dbcf045cd83c3cde8322e525698e5') in 0.0269029 seconds
Number of updated asset objects reloaded before import = 0Number of asset objects unloaded after import = 0

========================================================================
Received Import Request.
  Time since last request: 0.000127 seconds.
  path: Assets/Sprites/settings.png
  artifactKey: Guid(6288c12ce23e8d64d8b03514912e87d9) Importer(2089858483,192608db42251d675da83286b1cce702)
Start importing Assets/Sprites/settings.png using Guid(6288c12ce23e8d64d8b03514912e87d9) Importer(2089858483,192608db42251d675da83286b1cce702) (ScriptedImporter) -> (artifact id: '9e996ba9acfb9b742ac7a03cf3cea323') in 0.0332172 seconds
Number of updated asset objects reloaded before import = 0Number of asset objects unloaded after import = 3

========================================================================
Received Import Request.
  Time since last request: 0.000067 seconds.
  path: Assets/TextMesh Pro/Shaders/SDFFunctions.hlsl
  artifactKey: Guid(96de908384869cd409c75efa351d5edf) Importer(2089858483,192608db42251d675da83286b1cce702)
Start importing Assets/TextMesh Pro/Shaders/SDFFunctions.hlsl using Guid(96de908384869cd409c75efa351d5edf) Importer(2089858483,192608db42251d675da83286b1cce702) (ScriptedImporter) -> (artifact id: 'c823311ba79c3078c5aa7ceaf429980f') in 0.0391861 seconds
Number of updated asset objects reloaded before import = 0Number of asset objects unloaded after import = 1

========================================================================
Received Import Request.
  Time since last request: 0.000119 seconds.
  path: Assets/TextMesh Pro/Examples & Extras/Textures/Text Overflow - Linked Text Image 1.png
  artifactKey: Guid(4ccf43d26c4748c792174516f4a8fcef) Importer(2089858483,192608db42251d675da83286b1cce702)
Start importing Assets/TextMesh Pro/Examples & Extras/Textures/Text Overflow - Linked Text Image 1.png using Guid(4ccf43d26c4748c792174516f4a8fcef) Importer(2089858483,192608db42251d675da83286b1cce702) (ScriptedImporter) -> (artifact id: '852125595c49151db3e28f2ac94148c0') in 0.0752651 seconds
Number of updated asset objects reloaded before import = 0Number of asset objects unloaded after import = 1

========================================================================
Received Import Request.
  Time since last request: 0.000153 seconds.
  path: Assets/TextMesh Pro/Examples & Extras/Scenes/06 - Extra Rich Text Examples.unity
  artifactKey: Guid(39a1fa96ad2a449b908fca29d4297a74) Importer(2089858483,192608db42251d675da83286b1cce702)
Start importing Assets/TextMesh Pro/Examples & Extras/Scenes/06 - Extra Rich Text Examples.unity using Guid(39a1fa96ad2a449b908fca29d4297a74) Importer(2089858483,192608db42251d675da83286b1cce702) (ScriptedImporter) -> (artifact id: '7535920df4cf2610abfc1cf00079af1c') in 0.042962 seconds
Number of updated asset objects reloaded before import = 0Number of asset objects unloaded after import = 1

========================================================================
Received Import Request.
  Time since last request: 0.000136 seconds.
  path: Assets/TextMesh Pro/Examples & Extras/Scenes/Benchmark (Floating Text).unity
  artifactKey: Guid(16177da2e3254cee91944756d5f8ddd3) Importer(2089858483,192608db42251d675da83286b1cce702)
Start importing Assets/TextMesh Pro/Examples & Extras/Scenes/Benchmark (Floating Text).unity using Guid(16177da2e3254cee91944756d5f8ddd3) Importer(2089858483,192608db42251d675da83286b1cce702) (ScriptedImporter) -> (artifact id: '7eaed67eab47b78a5d2dffc2e0d478f1') in 0.0674678 seconds
Number of updated asset objects reloaded before import = 0Number of asset objects unloaded after import = 1

========================================================================
Received Import Request.
  Time since last request: 0.000234 seconds.
  path: Assets/TextMesh Pro/Examples & Extras/Scripts/Benchmark04.cs
  artifactKey: Guid(dc20866c0d5e413ab7559440e15333ae) Importer(2089858483,192608db42251d675da83286b1cce702)
Start importing Assets/TextMesh Pro/Examples & Extras/Scripts/Benchmark04.cs using Guid(dc20866c0d5e413ab7559440e15333ae) Importer(2089858483,192608db42251d675da83286b1cce702) (ScriptedImporter) -> (artifact id: '8428ccb4712d1d9cf1ed348aa7bc2f06') in 0.0248476 seconds
Number of updated asset objects reloaded before import = 0Number of asset objects unloaded after import = 0

========================================================================
Received Import Request.
  Time since last request: 0.000142 seconds.
  path: Assets/TextMesh Pro/Examples & Extras/Materials/Ground - Surface Shader Scene.mat
  artifactKey: Guid(aadd5a709a48466c887296bb5b1b8110) Importer(2089858483,192608db42251d675da83286b1cce702)
Start importing Assets/TextMesh Pro/Examples & Extras/Materials/Ground - Surface Shader Scene.mat using Guid(aadd5a709a48466c887296bb5b1b8110) Importer(2089858483,192608db42251d675da83286b1cce702) (ScriptedImporter) -> (artifact id: '1893a15906b0862e6eb779659816a6d6') in 0.0502461 seconds
Number of updated asset objects reloaded before import = 0Number of asset objects unloaded after import = 2

========================================================================
Received Import Request.
  Time since last request: 0.000040 seconds.
  path: Assets/TextMesh Pro/Examples & Extras/Textures/Brushed Metal 3.jpg
  artifactKey: Guid(f88677df267a41d6be1e7a6133e7d227) Importer(2089858483,192608db42251d675da83286b1cce702)
Start importing Assets/TextMesh Pro/Examples & Extras/Textures/Brushed Metal 3.jpg using Guid(f88677df267a41d6be1e7a6133e7d227) Importer(2089858483,192608db42251d675da83286b1cce702) (ScriptedImporter) -> (artifact id: '5458514c282c8c3ba7b612c8ebab8581') in 0.0236977 seconds
Number of updated asset objects reloaded before import = 0Number of asset objects unloaded after import = 1

========================================================================
Received Import Request.
  Time since last request: 0.000119 seconds.
  path: Assets/TextMesh Pro/Examples & Extras/Resources/Fonts & Materials/Unity SDF.asset
  artifactKey: Guid(c9adb1f542a93ae489bacfeae21e8394) Importer(2089858483,192608db42251d675da83286b1cce702)
Start importing Assets/TextMesh Pro/Examples & Extras/Resources/Fonts & Materials/Unity SDF.asset using Guid(c9adb1f542a93ae489bacfeae21e8394) Importer(2089858483,192608db42251d675da83286b1cce702) (ScriptedImporter) -> (artifact id: '6ba67e185411d7c1b5743a715666bc15') in 0.0624021 seconds
Number of updated asset objects reloaded before import = 0Number of asset objects unloaded after import = 3

========================================================================
Received Import Request.
  Time since last request: 0.000071 seconds.
  path: Assets/TextMesh Pro/Examples & Extras/Resources/Sprite Assets/Default Sprite Asset.asset
  artifactKey: Guid(fbef3c704dce48f08a44612d6c856c8d) Importer(2089858483,192608db42251d675da83286b1cce702)
Start importing Assets/TextMesh Pro/Examples & Extras/Resources/Sprite Assets/Default Sprite Asset.asset using Guid(fbef3c704dce48f08a44612d6c856c8d) Importer(2089858483,192608db42251d675da83286b1cce702) (ScriptedImporter) -> (artifact id: 'ffd99feadf64e951d492fd8e2e3bc9e3') in 0.0370948 seconds
Number of updated asset objects reloaded before import = 0Number of asset objects unloaded after import = 4

========================================================================
Received Import Request.
  Time since last request: 0.000026 seconds.
  path: Assets/TextMesh Pro/Examples & Extras/Scenes/13 - Soft Hyphenation.unity
  artifactKey: Guid(875684baf40f4d008ce806d03e2a81b2) Importer(2089858483,192608db42251d675da83286b1cce702)
Start importing Assets/TextMesh Pro/Examples & Extras/Scenes/13 - Soft Hyphenation.unity using Guid(875684baf40f4d008ce806d03e2a81b2) Importer(2089858483,192608db42251d675da83286b1cce702) (ScriptedImporter) -> (artifact id: 'f9cfda787dc74bfd519ed529b993be4c') in 0.0473281 seconds
Number of updated asset objects reloaded before import = 0Number of asset objects unloaded after import = 1

========================================================================
Received Import Request.
  Time since last request: 0.000129 seconds.
  path: Assets/Sprites/pause.png
  artifactKey: Guid(f9c6b207c93f4f64188bf233cd6ea091) Importer(2089858483,192608db42251d675da83286b1cce702)
Start importing Assets/Sprites/pause.png using Guid(f9c6b207c93f4f64188bf233cd6ea091) Importer(2089858483,192608db42251d675da83286b1cce702) (ScriptedImporter) -> (artifact id: 'd789b7731d92cf850a0c345ae965256f') in 0.0376487 seconds
Number of updated asset objects reloaded before import = 0Number of asset objects unloaded after import = 3

========================================================================
Received Import Request.
  Time since last request: 0.000037 seconds.
  path: Assets/TextMesh Pro/Examples & Extras/Materials/Crate - Surface Shader Scene.mat
  artifactKey: Guid(e6b9b44320f4448d9d5e0ee634259966) Importer(2089858483,192608db42251d675da83286b1cce702)
Start importing Assets/TextMesh Pro/Examples & Extras/Materials/Crate - Surface Shader Scene.mat using Guid(e6b9b44320f4448d9d5e0ee634259966) Importer(2089858483,192608db42251d675da83286b1cce702) (ScriptedImporter) -> (artifact id: '1ee10a43a42e7dbe9e60d104b88943f0') in 0.0418403 seconds
Number of updated asset objects reloaded before import = 0Number of asset objects unloaded after import = 3

========================================================================
Received Import Request.
  Time since last request: 0.000034 seconds.
  path: Assets/TextMesh Pro/Examples & Extras/Textures/Floor Tiles 1 - diffuse.jpg
  artifactKey: Guid(85ac55597b97403c82fc6601a93cf241) Importer(2089858483,192608db42251d675da83286b1cce702)
Start importing Assets/TextMesh Pro/Examples & Extras/Textures/Floor Tiles 1 - diffuse.jpg using Guid(85ac55597b97403c82fc6601a93cf241) Importer(2089858483,192608db42251d675da83286b1cce702) (ScriptedImporter) -> (artifact id: 'e8359e5d3c2adf73b14097ef6ff6ed58') in 0.0271668 seconds
Number of updated asset objects reloaded before import = 0Number of asset objects unloaded after import = 1

========================================================================
Received Import Request.
  Time since last request: 0.000374 seconds.
  path: Assets/TextMesh Pro/Examples & Extras/Resources/Fonts & Materials/Bangers SDF Logo.mat
  artifactKey: Guid(f4e195ac1e204eff960149d1cb34e18c) Importer(2089858483,192608db42251d675da83286b1cce702)
Start importing Assets/TextMesh Pro/Examples & Extras/Resources/Fonts & Materials/Bangers SDF Logo.mat using Guid(f4e195ac1e204eff960149d1cb34e18c) Importer(2089858483,192608db42251d675da83286b1cce702) (ScriptedImporter) -> (artifact id: '8b146e35d2109115497a056af1e3592b') in 0.0557334 seconds
Number of updated asset objects reloaded before import = 0Number of asset objects unloaded after import = 5

========================================================================
Received Import Request.
  Time since last request: 0.000057 seconds.
  path: Assets/TextMesh Pro/Examples & Extras/Scenes/20 - Input Field with Scrollbar.unity
  artifactKey: Guid(337f92480dd24675aae9e79210fb1ad9) Importer(2089858483,192608db42251d675da83286b1cce702)
Start importing Assets/TextMesh Pro/Examples & Extras/Scenes/20 - Input Field with Scrollbar.unity using Guid(337f92480dd24675aae9e79210fb1ad9) Importer(2089858483,192608db42251d675da83286b1cce702) (ScriptedImporter) -> (artifact id: '7a0ddb3a728ca35d053116fb239c2f0e') in 0.0655868 seconds
Number of updated asset objects reloaded before import = 0Number of asset objects unloaded after import = 1

========================================================================
Received Import Request.
  Time since last request: 0.000350 seconds.
  path: Assets/TextMesh Pro/Shaders/TMP_SDF-Mobile Masking.shader
  artifactKey: Guid(bc1ede39bf3643ee8e493720e4259791) Importer(2089858483,192608db42251d675da83286b1cce702)
Start importing Assets/TextMesh Pro/Shaders/TMP_SDF-Mobile Masking.shader using Guid(bc1ede39bf3643ee8e493720e4259791) Importer(2089858483,192608db42251d675da83286b1cce702) (ScriptedImporter) -> (artifact id: 'e821c22d9076832b887267400bcf3260') in 0.0300757 seconds
Number of updated asset objects reloaded before import = 0Number of asset objects unloaded after import = 1

========================================================================
Received Import Request.
  Time since last request: 0.000265 seconds.
  path: Assets/TextMesh Pro/Shaders/TMP_Sprite.shader
  artifactKey: Guid(cf81c85f95fe47e1a27f6ae460cf182c) Importer(2089858483,192608db42251d675da83286b1cce702)
Start importing Assets/TextMesh Pro/Shaders/TMP_Sprite.shader using Guid(cf81c85f95fe47e1a27f6ae460cf182c) Importer(2089858483,192608db42251d675da83286b1cce702) (ScriptedImporter) -> (artifact id: '3862887232bac03e12c75df4d905e95f') in 0.0264583 seconds
Number of updated asset objects reloaded before import = 0Number of asset objects unloaded after import = 1

========================================================================
Received Import Request.
  Time since last request: 0.000210 seconds.
  path: Assets/TextMesh Pro/Examples & Extras/Scripts/TextMeshProFloatingText.cs
  artifactKey: Guid(a4d4c76e63944cba8c7d00f56334b98c) Importer(2089858483,192608db42251d675da83286b1cce702)
Start importing Assets/TextMesh Pro/Examples & Extras/Scripts/TextMeshProFloatingText.cs using Guid(a4d4c76e63944cba8c7d00f56334b98c) Importer(2089858483,192608db42251d675da83286b1cce702) (ScriptedImporter) -> (artifact id: '816ec4e85243519271331e1680535d97') in 0.0186529 seconds
Number of updated asset objects reloaded before import = 0Number of asset objects unloaded after import = 0

========================================================================
Received Import Request.
  Time since last request: 0.000175 seconds.
  path: Assets/TextMesh Pro/Examples & Extras/Scenes/08 - Improved Text Alignment.unity
  artifactKey: Guid(5fe2257128d9401fad0790f581dc8a6f) Importer(2089858483,192608db42251d675da83286b1cce702)
Start importing Assets/TextMesh Pro/Examples & Extras/Scenes/08 - Improved Text Alignment.unity using Guid(5fe2257128d9401fad0790f581dc8a6f) Importer(2089858483,192608db42251d675da83286b1cce702) (ScriptedImporter) -> (artifact id: 'e83a3cbf465adfbf04def4ad71117048') in 0.0466865 seconds
Number of updated asset objects reloaded before import = 0Number of asset objects unloaded after import = 1

========================================================================
Received Import Request.
  Time since last request: 0.000236 seconds.
  path: Assets/TextMesh Pro/Examples & Extras/Scenes/02 - Multi-line TextMesh Pro.unity
  artifactKey: Guid(251716609f634449bfe8ce75c0ed78fe) Importer(2089858483,192608db42251d675da83286b1cce702)
Start importing Assets/TextMesh Pro/Examples & Extras/Scenes/02 - Multi-line TextMesh Pro.unity using Guid(251716609f634449bfe8ce75c0ed78fe) Importer(2089858483,192608db42251d675da83286b1cce702) (ScriptedImporter) -> (artifact id: '9f13a08a1dc34f92d0ec683b8c75eacb') in 0.0425792 seconds
Number of updated asset objects reloaded before import = 0Number of asset objects unloaded after import = 1

========================================================================
Received Import Request.
  Time since last request: 0.000214 seconds.
  path: Assets/TextMesh Pro/Sprites/EmojiOne Attribution.txt
  artifactKey: Guid(381dcb09d5029d14897e55f98031fca5) Importer(2089858483,192608db42251d675da83286b1cce702)
Start importing Assets/TextMesh Pro/Sprites/EmojiOne Attribution.txt using Guid(381dcb09d5029d14897e55f98031fca5) Importer(2089858483,192608db42251d675da83286b1cce702) (ScriptedImporter) -> (artifact id: '268a7422ec3ee5dbba94d2bd762a4c87') in 0.0344943 seconds
Number of updated asset objects reloaded before import = 0Number of asset objects unloaded after import = 1

========================================================================
Received Import Request.
  Time since last request: 0.000143 seconds.
  path: Assets/TextMesh Pro/Examples & Extras/Scripts/ObjectSpin.cs
  artifactKey: Guid(4f19c7f94c794c5097d8bd11e39c750d) Importer(2089858483,192608db42251d675da83286b1cce702)
Start importing Assets/TextMesh Pro/Examples & Extras/Scripts/ObjectSpin.cs using Guid(4f19c7f94c794c5097d8bd11e39c750d) Importer(2089858483,192608db42251d675da83286b1cce702) (ScriptedImporter) -> (artifact id: 'bf4a8ee9a4dcbfcfdaaa4cf7f03bf568') in 0.0211873 seconds
Number of updated asset objects reloaded before import = 0Number of asset objects unloaded after import = 0

========================================================================
Received Import Request.
  Time since last request: 0.000189 seconds.
  path: Assets/TextMesh Pro/Examples & Extras/Resources/Fonts & Materials/Unity SDF - HDRP LIT - Outline.mat
  artifactKey: Guid(967f61bb1e3e28645a39e0cb647cc79e) Importer(2089858483,192608db42251d675da83286b1cce702)
Start importing Assets/TextMesh Pro/Examples & Extras/Resources/Fonts & Materials/Unity SDF - HDRP LIT - Outline.mat using Guid(967f61bb1e3e28645a39e0cb647cc79e) Importer(2089858483,192608db42251d675da83286b1cce702) (ScriptedImporter) -> (artifact id: 'edb775fa69e113b703613664efb6d024') in 0.0280249 seconds
Number of updated asset objects reloaded before import = 0Number of asset objects unloaded after import = 1

========================================================================
Received Import Request.
  Time since last request: 0.000070 seconds.
  path: Assets/TextMesh Pro/Examples & Extras/Resources/Fonts & Materials/Bangers SDF Logo - URP.mat
  artifactKey: Guid(6751ce1a4611b3940812c13a6847d94f) Importer(2089858483,192608db42251d675da83286b1cce702)
Start importing Assets/TextMesh Pro/Examples & Extras/Resources/Fonts & Materials/Bangers SDF Logo - URP.mat using Guid(6751ce1a4611b3940812c13a6847d94f) Importer(2089858483,192608db42251d675da83286b1cce702) (ScriptedImporter) -> (artifact id: '80ae1edca331259562ece3e05141ad76') in 0.0267173 seconds
Number of updated asset objects reloaded before import = 0Number of asset objects unloaded after import = 1

========================================================================
Received Import Request.
  Time since last request: 0.000114 seconds.
  path: Assets/TextMesh Pro/Examples & Extras/Textures/Small Crate_diffuse.jpg
  artifactKey: Guid(602cb87b6a29443b8636370ea0751574) Importer(2089858483,192608db42251d675da83286b1cce702)
Start importing Assets/TextMesh Pro/Examples & Extras/Textures/Small Crate_diffuse.jpg using Guid(602cb87b6a29443b8636370ea0751574) Importer(2089858483,192608db42251d675da83286b1cce702) (ScriptedImporter) -> (artifact id: 'beb59d3f8a507307a81428440c1dbd17') in 0.041852 seconds
Number of updated asset objects reloaded before import = 0Number of asset objects unloaded after import = 1

========================================================================
Received Import Request.
  Time since last request: 0.000084 seconds.
  path: Assets/TextMesh Pro/Examples & Extras/Resources/Fonts & Materials/Bangers SDF - Drop Shadow - 2 Pass.mat
  artifactKey: Guid(947a44964e53bf0448ff698b2a2219c0) Importer(2089858483,192608db42251d675da83286b1cce702)
Start importing Assets/TextMesh Pro/Examples & Extras/Resources/Fonts & Materials/Bangers SDF - Drop Shadow - 2 Pass.mat using Guid(947a44964e53bf0448ff698b2a2219c0) Importer(2089858483,192608db42251d675da83286b1cce702) (ScriptedImporter) -> (artifact id: 'b962f378cae4e1c89fab3b719203e44d') in 0.038897 seconds
Number of updated asset objects reloaded before import = 0Number of asset objects unloaded after import = 3

========================================================================
Received Import Request.
  Time since last request: 0.000023 seconds.
  path: Assets/TextMesh Pro/Resources/Fonts & Materials/LiberationSans SDF - Outline.mat
  artifactKey: Guid(79459efec17a4d00a321bdcc27bbc385) Importer(2089858483,192608db42251d675da83286b1cce702)
Start importing Assets/TextMesh Pro/Resources/Fonts & Materials/LiberationSans SDF - Outline.mat using Guid(79459efec17a4d00a321bdcc27bbc385) Importer(2089858483,192608db42251d675da83286b1cce702) (ScriptedImporter) -> (artifact id: 'b6876c1daa2ef338de441d940ba6a0ce') in 0.0427631 seconds
Number of updated asset objects reloaded before import = 0Number of asset objects unloaded after import = 3

Editor requested this worker to shutdown with reason: Scaling down because of idle timeout
AssetImportWorker is now disconnected from the server
Process exiting
Exiting without the bug reporter. Application will terminate with return code 0